date_id,day,month,quarter,year
1,1,1,1,2015
2,2,1,1,2015
3,3,1,1,2015
4,4,1,1,2015
5,5,1,1,2015
6,6,1,1,2015
7,7,1,1,2015
8,8,1,1,2015
9,9,1,1,2015
10,10,1,1,2015
11,11,1,1,2015
12,12,1,1,2015
13,13,1,1,2015
14,14,1,1,2015
15,15,1,1,2015
16,16,1,1,2015
17,17,1,1,2015
18,18,1,1,2015
19,19,1,1,2015
20,20,1,1,2015
21,21,1,1,2015
22,22,1,1,2015
23,23,1,1,2015
24,24,1,1,2015
25,25,1,1,2015
26,26,1,1,2015
27,27,1,1,2015
28,28,1,1,2015
29,29,1,1,2015
30,30,1,1,2015
31,31,1,1,2015
32,1,2,1,2015
33,2,2,1,2015
34,3,2,1,2015
35,4,2,1,2015
36,5,2,1,2015
37,6,2,1,2015
38,7,2,1,2015
39,8,2,1,2015
40,9,2,1,2015
41,10,2,1,2015
42,11,2,1,2015
43,12,2,1,2015
44,13,2,1,2015
45,14,2,1,2015
46,15,2,1,2015
47,16,2,1,2015
48,17,2,1,2015
49,18,2,1,2015
50,19,2,1,2015
51,20,2,1,2015
52,21,2,1,2015
53,22,2,1,2015
54,23,2,1,2015
55,24,2,1,2015
56,25,2,1,2015
57,26,2,1,2015
58,27,2,1,2015
59,28,2,1,2015
60,1,3,1,2015
61,2,3,1,2015
62,3,3,1,2015
63,4,3,1,2015
64,5,3,1,2015
65,6,3,1,2015
66,7,3,1,2015
67,8,3,1,2015
68,9,3,1,2015
69,10,3,1,2015
70,11,3,1,2015
71,12,3,1,2015
72,13,3,1,2015
73,14,3,1,2015
74,15,3,1,2015
75,16,3,1,2015
76,17,3,1,2015
77,18,3,1,2015
78,19,3,1,2015
79,20,3,1,2015
80,21,3,1,2015
81,22,3,1,2015
82,23,3,1,2015
83,24,3,1,2015
84,25,3,1,2015
85,26,3,1,2015
86,27,3,1,2015
87,28,3,1,2015
88,29,3,1,2015
89,30,3,1,2015
90,31,3,1,2015
91,1,4,2,2015
92,2,4,2,2015
93,3,4,2,2015
94,4,4,2,2015
95,5,4,2,2015
96,6,4,2,2015
97,7,4,2,2015
98,8,4,2,2015
99,9,4,2,2015
100,10,4,2,2015
101,11,4,2,2015
102,12,4,2,2015
103,13,4,2,2015
104,14,4,2,2015
105,15,4,2,2015
106,16,4,2,2015
107,17,4,2,2015
108,18,4,2,2015
109,19,4,2,2015
110,20,4,2,2015
111,21,4,2,2015
112,22,4,2,2015
113,23,4,2,2015
114,24,4,2,2015
115,25,4,2,2015
116,26,4,2,2015
117,27,4,2,2015
118,28,4,2,2015
119,29,4,2,2015
120,30,4,2,2015
121,1,5,2,2015
122,2,5,2,2015
123,3,5,2,2015
124,4,5,2,2015
125,5,5,2,2015
126,6,5,2,2015
127,7,5,2,2015
128,8,5,2,2015
129,9,5,2,2015
130,10,5,2,2015
131,11,5,2,2015
132,12,5,2,2015
133,13,5,2,2015
134,14,5,2,2015
135,15,5,2,2015
136,16,5,2,2015
137,17,5,2,2015
138,18,5,2,2015
139,19,5,2,2015
140,20,5,2,2015
141,21,5,2,2015
142,22,5,2,2015
143,23,5,2,2015
144,24,5,2,2015
145,25,5,2,2015
146,26,5,2,2015
147,27,5,2,2015
148,28,5,2,2015
149,29,5,2,2015
150,30,5,2,2015
151,31,5,2,2015
152,1,6,2,2015
153,2,6,2,2015
154,3,6,2,2015
155,4,6,2,2015
156,5,6,2,2015
157,6,6,2,2015
158,7,6,2,2015
159,8,6,2,2015
160,9,6,2,2015
161,10,6,2,2015
162,11,6,2,2015
163,12,6,2,2015
164,13,6,2,2015
165,14,6,2,2015
166,15,6,2,2015
167,16,6,2,2015
168,17,6,2,2015
169,18,6,2,2015
170,19,6,2,2015
171,20,6,2,2015
172,21,6,2,2015
173,22,6,2,2015
174,23,6,2,2015
175,24,6,2,2015
176,25,6,2,2015
177,26,6,2,2015
178,27,6,2,2015
179,28,6,2,2015
180,29,6,2,2015
181,30,6,2,2015
182,1,7,3,2015
183,2,7,3,2015
184,3,7,3,2015
185,4,7,3,2015
186,5,7,3,2015
187,6,7,3,2015
188,7,7,3,2015
189,8,7,3,2015
190,9,7,3,2015
191,10,7,3,2015
192,11,7,3,2015
193,12,7,3,2015
194,13,7,3,2015
195,14,7,3,2015
196,15,7,3,2015
197,16,7,3,2015
198,17,7,3,2015
199,18,7,3,2015
200,19,7,3,2015
201,20,7,3,2015
202,21,7,3,2015
203,22,7,3,2015
204,23,7,3,2015
205,24,7,3,2015
206,25,7,3,2015
207,26,7,3,2015
208,27,7,3,2015
209,28,7,3,2015
210,29,7,3,2015
211,30,7,3,2015
212,31,7,3,2015
213,1,8,3,2015
214,2,8,3,2015
215,3,8,3,2015
216,4,8,3,2015
217,5,8,3,2015
218,6,8,3,2015
219,7,8,3,2015
220,8,8,3,2015
221,9,8,3,2015
222,10,8,3,2015
223,11,8,3,2015
224,12,8,3,2015
225,13,8,3,2015
226,14,8,3,2015
227,15,8,3,2015
228,16,8,3,2015
229,17,8,3,2015
230,18,8,3,2015
231,19,8,3,2015
232,20,8,3,2015
233,21,8,3,2015
234,22,8,3,2015
235,23,8,3,2015
236,24,8,3,2015
237,25,8,3,2015
238,26,8,3,2015
239,27,8,3,2015
240,28,8,3,2015
241,29,8,3,2015
242,30,8,3,2015
243,31,8,3,2015
244,1,9,3,2015
245,2,9,3,2015
246,3,9,3,2015
247,4,9,3,2015
248,5,9,3,2015
249,6,9,3,2015
250,7,9,3,2015
251,8,9,3,2015
252,9,9,3,2015
253,10,9,3,2015
254,11,9,3,2015
255,12,9,3,2015
256,13,9,3,2015
257,14,9,3,2015
258,15,9,3,2015
259,16,9,3,2015
260,17,9,3,2015
261,18,9,3,2015
262,19,9,3,2015
263,20,9,3,2015
264,21,9,3,2015
265,22,9,3,2015
266,23,9,3,2015
267,24,9,3,2015
268,25,9,3,2015
269,26,9,3,2015
270,27,9,3,2015
271,28,9,3,2015
272,29,9,3,2015
273,30,9,3,2015
274,1,10,4,2015
275,2,10,4,2015
276,3,10,4,2015
277,4,10,4,2015
278,5,10,4,2015
279,6,10,4,2015
280,7,10,4,2015
281,8,10,4,2015
282,9,10,4,2015
283,10,10,4,2015
284,11,10,4,2015
285,12,10,4,2015
286,13,10,4,2015
287,14,10,4,2015
288,15,10,4,2015
289,16,10,4,2015
290,17,10,4,2015
291,18,10,4,2015
292,19,10,4,2015
293,20,10,4,2015
294,21,10,4,2015
295,22,10,4,2015
296,23,10,4,2015
297,24,10,4,2015
298,25,10,4,2015
299,26,10,4,2015
300,27,10,4,2015
301,28,10,4,2015
302,29,10,4,2015
303,30,10,4,2015
304,31,10,4,2015
305,1,11,4,2015
306,2,11,4,2015
307,3,11,4,2015
308,4,11,4,2015
309,5,11,4,2015
310,6,11,4,2015
311,7,11,4,2015
312,8,11,4,2015
313,9,11,4,2015
314,10,11,4,2015
315,11,11,4,2015
316,12,11,4,2015
317,13,11,4,2015
318,14,11,4,2015
319,15,11,4,2015
320,16,11,4,2015
321,17,11,4,2015
322,18,11,4,2015
323,19,11,4,2015
324,20,11,4,2015
325,21,11,4,2015
326,22,11,4,2015
327,23,11,4,2015
328,24,11,4,2015
329,25,11,4,2015
330,26,11,4,2015
331,27,11,4,2015
332,28,11,4,2015
333,29,11,4,2015
334,30,11,4,2015
335,1,12,4,2015
336,2,12,4,2015
337,3,12,4,2015
338,4,12,4,2015
339,5,12,4,2015
340,6,12,4,2015
341,7,12,4,2015
342,8,12,4,2015
343,9,12,4,2015
344,10,12,4,2015
345,11,12,4,2015
346,12,12,4,2015
347,13,12,4,2015
348,14,12,4,2015
349,15,12,4,2015
350,16,12,4,2015
351,17,12,4,2015
352,18,12,4,2015
353,19,12,4,2015
354,20,12,4,2015
355,21,12,4,2015
356,22,12,4,2015
357,23,12,4,2015
358,24,12,4,2015
359,25,12,4,2015
360,26,12,4,2015
361,27,12,4,2015
362,28,12,4,2015
363,29,12,4,2015
364,30,12,4,2015
365,31,12,4,2015
366,1,1,1,2016
367,2,1,1,2016
368,3,1,1,2016
369,4,1,1,2016
370,5,1,1,2016
371,6,1,1,2016
372,7,1,1,2016
373,8,1,1,2016
374,9,1,1,2016
375,10,1,1,2016
376,11,1,1,2016
377,12,1,1,2016
378,13,1,1,2016
379,14,1,1,2016
380,15,1,1,2016
381,16,1,1,2016
382,17,1,1,2016
383,18,1,1,2016
384,19,1,1,2016
385,20,1,1,2016
386,21,1,1,2016
387,22,1,1,2016
388,23,1,1,2016
389,24,1,1,2016
390,25,1,1,2016
391,26,1,1,2016
392,27,1,1,2016
393,28,1,1,2016
394,29,1,1,2016
395,30,1,1,2016
396,31,1,1,2016
397,1,2,1,2016
398,2,2,1,2016
399,3,2,1,2016
400,4,2,1,2016
401,5,2,1,2016
402,6,2,1,2016
403,7,2,1,2016
404,8,2,1,2016
405,9,2,1,2016
406,10,2,1,2016
407,11,2,1,2016
408,12,2,1,2016
409,13,2,1,2016
410,14,2,1,2016
411,15,2,1,2016
412,16,2,1,2016
413,17,2,1,2016
414,18,2,1,2016
415,19,2,1,2016
416,20,2,1,2016
417,21,2,1,2016
418,22,2,1,2016
419,23,2,1,2016
420,24,2,1,2016
421,25,2,1,2016
422,26,2,1,2016
423,27,2,1,2016
424,28,2,1,2016
425,29,2,1,2016
426,1,3,1,2016
427,2,3,1,2016
428,3,3,1,2016
429,4,3,1,2016
430,5,3,1,2016
431,6,3,1,2016
432,7,3,1,2016
433,8,3,1,2016
434,9,3,1,2016
435,10,3,1,2016
436,11,3,1,2016
437,12,3,1,2016
438,13,3,1,2016
439,14,3,1,2016
440,15,3,1,2016
441,16,3,1,2016
442,17,3,1,2016
443,18,3,1,2016
444,19,3,1,2016
445,20,3,1,2016
446,21,3,1,2016
447,22,3,1,2016
448,23,3,1,2016
449,24,3,1,2016
450,25,3,1,2016
451,26,3,1,2016
452,27,3,1,2016
453,28,3,1,2016
454,29,3,1,2016
455,30,3,1,2016
456,31,3,1,2016
457,1,4,2,2016
458,2,4,2,2016
459,3,4,2,2016
460,4,4,2,2016
461,5,4,2,2016
462,6,4,2,2016
463,7,4,2,2016
464,8,4,2,2016
465,9,4,2,2016
466,10,4,2,2016
467,11,4,2,2016
468,12,4,2,2016
469,13,4,2,2016
470,14,4,2,2016
471,15,4,2,2016
472,16,4,2,2016
473,17,4,2,2016
474,18,4,2,2016
475,19,4,2,2016
476,20,4,2,2016
477,21,4,2,2016
478,22,4,2,2016
479,23,4,2,2016
480,24,4,2,2016
481,25,4,2,2016
482,26,4,2,2016
483,27,4,2,2016
484,28,4,2,2016
485,29,4,2,2016
486,30,4,2,2016
487,1,5,2,2016
488,2,5,2,2016
489,3,5,2,2016
490,4,5,2,2016
491,5,5,2,2016
492,6,5,2,2016
493,7,5,2,2016
494,8,5,2,2016
495,9,5,2,2016
496,10,5,2,2016
497,11,5,2,2016
498,12,5,2,2016
499,13,5,2,2016
500,14,5,2,2016
501,15,5,2,2016
502,16,5,2,2016
503,17,5,2,2016
504,18,5,2,2016
505,19,5,2,2016
506,20,5,2,2016
507,21,5,2,2016
508,22,5,2,2016
509,23,5,2,2016
510,24,5,2,2016
511,25,5,2,2016
512,26,5,2,2016
513,27,5,2,2016
514,28,5,2,2016
515,29,5,2,2016
516,30,5,2,2016
517,31,5,2,2016
518,1,6,2,2016
519,2,6,2,2016
520,3,6,2,2016
521,4,6,2,2016
522,5,6,2,2016
523,6,6,2,2016
524,7,6,2,2016
525,8,6,2,2016
526,9,6,2,2016
527,10,6,2,2016
528,11,6,2,2016
529,12,6,2,2016
530,13,6,2,2016
531,14,6,2,2016
532,15,6,2,2016
533,16,6,2,2016
534,17,6,2,2016
535,18,6,2,2016
536,19,6,2,2016
537,20,6,2,2016
538,21,6,2,2016
539,22,6,2,2016
540,23,6,2,2016
541,24,6,2,2016
542,25,6,2,2016
543,26,6,2,2016
544,27,6,2,2016
545,28,6,2,2016
546,29,6,2,2016
547,30,6,2,2016
548,1,7,3,2016
549,2,7,3,2016
550,3,7,3,2016
551,4,7,3,2016
552,5,7,3,2016
553,6,7,3,2016
554,7,7,3,2016
555,8,7,3,2016
556,9,7,3,2016
557,10,7,3,2016
558,11,7,3,2016
559,12,7,3,2016
560,13,7,3,2016
561,14,7,3,2016
562,15,7,3,2016
563,16,7,3,2016
564,17,7,3,2016
565,18,7,3,2016
566,19,7,3,2016
567,20,7,3,2016
568,21,7,3,2016
569,22,7,3,2016
570,23,7,3,2016
571,24,7,3,2016
572,25,7,3,2016
573,26,7,3,2016
574,27,7,3,2016
575,28,7,3,2016
576,29,7,3,2016
577,30,7,3,2016
578,31,7,3,2016
579,1,8,3,2016
580,2,8,3,2016
581,3,8,3,2016
582,4,8,3,2016
583,5,8,3,2016
584,6,8,3,2016
585,7,8,3,2016
586,8,8,3,2016
587,9,8,3,2016
588,10,8,3,2016
589,11,8,3,2016
590,12,8,3,2016
591,13,8,3,2016
592,14,8,3,2016
593,15,8,3,2016
594,16,8,3,2016
595,17,8,3,2016
596,18,8,3,2016
597,19,8,3,2016
598,20,8,3,2016
599,21,8,3,2016
600,22,8,3,2016
601,23,8,3,2016
602,24,8,3,2016
603,25,8,3,2016
604,26,8,3,2016
605,27,8,3,2016
606,28,8,3,2016
607,29,8,3,2016
608,30,8,3,2016
609,31,8,3,2016
610,1,9,3,2016
611,2,9,3,2016
612,3,9,3,2016
613,4,9,3,2016
614,5,9,3,2016
615,6,9,3,2016
616,7,9,3,2016
617,8,9,3,2016
618,9,9,3,2016
619,10,9,3,2016
620,11,9,3,2016
621,12,9,3,2016
622,13,9,3,2016
623,14,9,3,2016
624,15,9,3,2016
625,16,9,3,2016
626,17,9,3,2016
627,18,9,3,2016
628,19,9,3,2016
629,20,9,3,2016
630,21,9,3,2016
631,22,9,3,2016
632,23,9,3,2016
633,24,9,3,2016
634,25,9,3,2016
635,26,9,3,2016
636,27,9,3,2016
637,28,9,3,2016
638,29,9,3,2016
639,30,9,3,2016
640,1,10,4,2016
641,2,10,4,2016
642,3,10,4,2016
643,4,10,4,2016
644,5,10,4,2016
645,6,10,4,2016
646,7,10,4,2016
647,8,10,4,2016
648,9,10,4,2016
649,10,10,4,2016
650,11,10,4,2016
651,12,10,4,2016
652,13,10,4,2016
653,14,10,4,2016
654,15,10,4,2016
655,16,10,4,2016
656,17,10,4,2016
657,18,10,4,2016
658,19,10,4,2016
659,20,10,4,2016
660,21,10,4,2016
661,22,10,4,2016
662,23,10,4,2016
663,24,10,4,2016
664,25,10,4,2016
665,26,10,4,2016
666,27,10,4,2016
667,28,10,4,2016
668,29,10,4,2016
669,30,10,4,2016
670,31,10,4,2016
671,1,11,4,2016
672,2,11,4,2016
673,3,11,4,2016
674,4,11,4,2016
675,5,11,4,2016
676,6,11,4,2016
677,7,11,4,2016
678,8,11,4,2016
679,9,11,4,2016
680,10,11,4,2016
681,11,11,4,2016
682,12,11,4,2016
683,13,11,4,2016
684,14,11,4,2016
685,15,11,4,2016
686,16,11,4,2016
687,17,11,4,2016
688,18,11,4,2016
689,19,11,4,2016
690,20,11,4,2016
691,21,11,4,2016
692,22,11,4,2016
693,23,11,4,2016
694,24,11,4,2016
695,25,11,4,2016
696,26,11,4,2016
697,27,11,4,2016
698,28,11,4,2016
699,29,11,4,2016
700,30,11,4,2016
701,1,12,4,2016
702,2,12,4,2016
703,3,12,4,2016
704,4,12,4,2016
705,5,12,4,2016
706,6,12,4,2016
707,7,12,4,2016
708,8,12,4,2016
709,9,12,4,2016
710,10,12,4,2016
711,11,12,4,2016
712,12,12,4,2016
713,13,12,4,2016
714,14,12,4,2016
715,15,12,4,2016
716,16,12,4,2016
717,17,12,4,2016
718,18,12,4,2016
719,19,12,4,2016
720,20,12,4,2016
721,21,12,4,2016
722,22,12,4,2016
723,23,12,4,2016
724,24,12,4,2016
725,25,12,4,2016
726,26,12,4,2016
727,27,12,4,2016
728,28,12,4,2016
729,29,12,4,2016
730,30,12,4,2016
731,31,12,4,2016
732,1,1,1,2017
733,2,1,1,2017
734,3,1,1,2017
735,4,1,1,2017
736,5,1,1,2017
737,6,1,1,2017
738,7,1,1,2017
739,8,1,1,2017
740,9,1,1,2017
741,10,1,1,2017
742,11,1,1,2017
743,12,1,1,2017
744,13,1,1,2017
745,14,1,1,2017
746,15,1,1,2017
747,16,1,1,2017
748,17,1,1,2017
749,18,1,1,2017
750,19,1,1,2017
751,20,1,1,2017
752,21,1,1,2017
753,22,1,1,2017
754,23,1,1,2017
755,24,1,1,2017
756,25,1,1,2017
757,26,1,1,2017
758,27,1,1,2017
759,28,1,1,2017
760,29,1,1,2017
761,30,1,1,2017
762,31,1,1,2017
763,1,2,1,2017
764,2,2,1,2017
765,3,2,1,2017
766,4,2,1,2017
767,5,2,1,2017
768,6,2,1,2017
769,7,2,1,2017
770,8,2,1,2017
771,9,2,1,2017
772,10,2,1,2017
773,11,2,1,2017
774,12,2,1,2017
775,13,2,1,2017
776,14,2,1,2017
777,15,2,1,2017
778,16,2,1,2017
779,17,2,1,2017
780,18,2,1,2017
781,19,2,1,2017
782,20,2,1,2017
783,21,2,1,2017
784,22,2,1,2017
785,23,2,1,2017
786,24,2,1,2017
787,25,2,1,2017
788,26,2,1,2017
789,27,2,1,2017
790,28,2,1,2017
791,1,3,1,2017
792,2,3,1,2017
793,3,3,1,2017
794,4,3,1,2017
795,5,3,1,2017
796,6,3,1,2017
797,7,3,1,2017
798,8,3,1,2017
799,9,3,1,2017
800,10,3,1,2017
801,11,3,1,2017
802,12,3,1,2017
803,13,3,1,2017
804,14,3,1,2017
805,15,3,1,2017
806,16,3,1,2017
807,17,3,1,2017
808,18,3,1,2017
809,19,3,1,2017
810,20,3,1,2017
811,21,3,1,2017
812,22,3,1,2017
813,23,3,1,2017
814,24,3,1,2017
815,25,3,1,2017
816,26,3,1,2017
817,27,3,1,2017
818,28,3,1,2017
819,29,3,1,2017
820,30,3,1,2017
821,31,3,1,2017
822,1,4,2,2017
823,2,4,2,2017
824,3,4,2,2017
825,4,4,2,2017
826,5,4,2,2017
827,6,4,2,2017
828,7,4,2,2017
829,8,4,2,2017
830,9,4,2,2017
831,10,4,2,2017
832,11,4,2,2017
833,12,4,2,2017
834,13,4,2,2017
835,14,4,2,2017
836,15,4,2,2017
837,16,4,2,2017
838,17,4,2,2017
839,18,4,2,2017
840,19,4,2,2017
841,20,4,2,2017
842,21,4,2,2017
843,22,4,2,2017
844,23,4,2,2017
845,24,4,2,2017
846,25,4,2,2017
847,26,4,2,2017
848,27,4,2,2017
849,28,4,2,2017
850,29,4,2,2017
851,30,4,2,2017
852,1,5,2,2017
853,2,5,2,2017
854,3,5,2,2017
855,4,5,2,2017
856,5,5,2,2017
857,6,5,2,2017
858,7,5,2,2017
859,8,5,2,2017
860,9,5,2,2017
861,10,5,2,2017
862,11,5,2,2017
863,12,5,2,2017
864,13,5,2,2017
865,14,5,2,2017
866,15,5,2,2017
867,16,5,2,2017
868,17,5,2,2017
869,18,5,2,2017
870,19,5,2,2017
871,20,5,2,2017
872,21,5,2,2017
873,22,5,2,2017
874,23,5,2,2017
875,24,5,2,2017
876,25,5,2,2017
877,26,5,2,2017
878,27,5,2,2017
879,28,5,2,2017
880,29,5,2,2017
881,30,5,2,2017
882,31,5,2,2017
883,1,6,2,2017
884,2,6,2,2017
885,3,6,2,2017
886,4,6,2,2017
887,5,6,2,2017
888,6,6,2,2017
889,7,6,2,2017
890,8,6,2,2017
891,9,6,2,2017
892,10,6,2,2017
893,11,6,2,2017
894,12,6,2,2017
895,13,6,2,2017
896,14,6,2,2017
897,15,6,2,2017
898,16,6,2,2017
899,17,6,2,2017
900,18,6,2,2017
901,19,6,2,2017
902,20,6,2,2017
903,21,6,2,2017
904,22,6,2,2017
905,23,6,2,2017
906,24,6,2,2017
907,25,6,2,2017
908,26,6,2,2017
909,27,6,2,2017
910,28,6,2,2017
911,29,6,2,2017
912,30,6,2,2017
913,1,7,3,2017
914,2,7,3,2017
915,3,7,3,2017
916,4,7,3,2017
917,5,7,3,2017
918,6,7,3,2017
919,7,7,3,2017
920,8,7,3,2017
921,9,7,3,2017
922,10,7,3,2017
923,11,7,3,2017
924,12,7,3,2017
925,13,7,3,2017
926,14,7,3,2017
927,15,7,3,2017
928,16,7,3,2017
929,17,7,3,2017
930,18,7,3,2017
931,19,7,3,2017
932,20,7,3,2017
933,21,7,3,2017
934,22,7,3,2017
935,23,7,3,2017
936,24,7,3,2017
937,25,7,3,2017
938,26,7,3,2017
939,27,7,3,2017
940,28,7,3,2017
941,29,7,3,2017
942,30,7,3,2017
943,31,7,3,2017
944,1,8,3,2017
945,2,8,3,2017
946,3,8,3,2017
947,4,8,3,2017
948,5,8,3,2017
949,6,8,3,2017
950,7,8,3,2017
951,8,8,3,2017
952,9,8,3,2017
953,10,8,3,2017
954,11,8,3,2017
955,12,8,3,2017
956,13,8,3,2017
957,14,8,3,2017
958,15,8,3,2017
959,16,8,3,2017
960,17,8,3,2017
961,18,8,3,2017
962,19,8,3,2017
963,20,8,3,2017
964,21,8,3,2017
965,22,8,3,2017
966,23,8,3,2017
967,24,8,3,2017
968,25,8,3,2017
969,26,8,3,2017
970,27,8,3,2017
971,28,8,3,2017
972,29,8,3,2017
973,30,8,3,2017
974,31,8,3,2017
975,1,9,3,2017
976,2,9,3,2017
977,3,9,3,2017
978,4,9,3,2017
979,5,9,3,2017
980,6,9,3,2017
981,7,9,3,2017
982,8,9,3,2017
983,9,9,3,2017
984,10,9,3,2017
985,11,9,3,2017
986,12,9,3,2017
987,13,9,3,2017
988,14,9,3,2017
989,15,9,3,2017
990,16,9,3,2017
991,17,9,3,2017
992,18,9,3,2017
993,19,9,3,2017
994,20,9,3,2017
995,21,9,3,2017
996,22,9,3,2017
997,23,9,3,2017
998,24,9,3,2017
999,25,9,3,2017
1000,26,9,3,2017
1001,27,9,3,2017
1002,28,9,3,2017
1003,29,9,3,2017
1004,30,9,3,2017
1005,1,10,4,2017
1006,2,10,4,2017
1007,3,10,4,2017
1008,4,10,4,2017
1009,5,10,4,2017
1010,6,10,4,2017
1011,7,10,4,2017
1012,8,10,4,2017
1013,9,10,4,2017
1014,10,10,4,2017
1015,11,10,4,2017
1016,12,10,4,2017
1017,13,10,4,2017
1018,14,10,4,2017
1019,15,10,4,2017
1020,16,10,4,2017
1021,17,10,4,2017
1022,18,10,4,2017
1023,19,10,4,2017
1024,20,10,4,2017
1025,21,10,4,2017
1026,22,10,4,2017
1027,23,10,4,2017
1028,24,10,4,2017
1029,25,10,4,2017
1030,26,10,4,2017
1031,27,10,4,2017
1032,28,10,4,2017
1033,29,10,4,2017
1034,30,10,4,2017
1035,31,10,4,2017
1036,1,11,4,2017
1037,2,11,4,2017
1038,3,11,4,2017
1039,4,11,4,2017
1040,5,11,4,2017
1041,6,11,4,2017
1042,7,11,4,2017
1043,8,11,4,2017
1044,9,11,4,2017
1045,10,11,4,2017
1046,11,11,4,2017
1047,12,11,4,2017
1048,13,11,4,2017
1049,14,11,4,2017
1050,15,11,4,2017
1051,16,11,4,2017
1052,17,11,4,2017
1053,18,11,4,2017
1054,19,11,4,2017
1055,20,11,4,2017
1056,21,11,4,2017
1057,22,11,4,2017
1058,23,11,4,2017
1059,24,11,4,2017
1060,25,11,4,2017
1061,26,11,4,2017
1062,27,11,4,2017
1063,28,11,4,2017
1064,29,11,4,2017
1065,30,11,4,2017
1066,1,12,4,2017
1067,2,12,4,2017
1068,3,12,4,2017
1069,4,12,4,2017
1070,5,12,4,2017
1071,6,12,4,2017
1072,7,12,4,2017
1073,8,12,4,2017
1074,9,12,4,2017
1075,10,12,4,2017
1076,11,12,4,2017
1077,12,12,4,2017
1078,13,12,4,2017
1079,14,12,4,2017
1080,15,12,4,2017
1081,16,12,4,2017
1082,17,12,4,2017
1083,18,12,4,2017
1084,19,12,4,2017
1085,20,12,4,2017
1086,21,12,4,2017
1087,22,12,4,2017
1088,23,12,4,2017
1089,24,12,4,2017
1090,25,12,4,2017
1091,26,12,4,2017
1092,27,12,4,2017
1093,28,12,4,2017
1094,29,12,4,2017
1095,30,12,4,2017
1096,31,12,4,2017
1097,1,1,1,2018
1098,2,1,1,2018
1099,3,1,1,2018
1100,4,1,1,2018
1101,5,1,1,2018
1102,6,1,1,2018
1103,7,1,1,2018
1104,8,1,1,2018
1105,9,1,1,2018
1106,10,1,1,2018
1107,11,1,1,2018
1108,12,1,1,2018
1109,13,1,1,2018
1110,14,1,1,2018
1111,15,1,1,2018
1112,16,1,1,2018
1113,17,1,1,2018
1114,18,1,1,2018
1115,19,1,1,2018
1116,20,1,1,2018
1117,21,1,1,2018
1118,22,1,1,2018
1119,23,1,1,2018
1120,24,1,1,2018
1121,25,1,1,2018
1122,26,1,1,2018
1123,27,1,1,2018
1124,28,1,1,2018
1125,29,1,1,2018
1126,30,1,1,2018
1127,31,1,1,2018
1128,1,2,1,2018
1129,2,2,1,2018
1130,3,2,1,2018
1131,4,2,1,2018
1132,5,2,1,2018
1133,6,2,1,2018
1134,7,2,1,2018
1135,8,2,1,2018
1136,9,2,1,2018
1137,10,2,1,2018
1138,11,2,1,2018
1139,12,2,1,2018
1140,13,2,1,2018
1141,14,2,1,2018
1142,15,2,1,2018
1143,16,2,1,2018
1144,17,2,1,2018
1145,18,2,1,2018
1146,19,2,1,2018
1147,20,2,1,2018
1148,21,2,1,2018
1149,22,2,1,2018
1150,23,2,1,2018
1151,24,2,1,2018
1152,25,2,1,2018
1153,26,2,1,2018
1154,27,2,1,2018
1155,28,2,1,2018
1156,1,3,1,2018
1157,2,3,1,2018
1158,3,3,1,2018
1159,4,3,1,2018
1160,5,3,1,2018
1161,6,3,1,2018
1162,7,3,1,2018
1163,8,3,1,2018
1164,9,3,1,2018
1165,10,3,1,2018
1166,11,3,1,2018
1167,12,3,1,2018
1168,13,3,1,2018
1169,14,3,1,2018
1170,15,3,1,2018
1171,16,3,1,2018
1172,17,3,1,2018
1173,18,3,1,2018
1174,19,3,1,2018
1175,20,3,1,2018
1176,21,3,1,2018
1177,22,3,1,2018
1178,23,3,1,2018
1179,24,3,1,2018
1180,25,3,1,2018
1181,26,3,1,2018
1182,27,3,1,2018
1183,28,3,1,2018
1184,29,3,1,2018
1185,30,3,1,2018
1186,31,3,1,2018
1187,1,4,2,2018
1188,2,4,2,2018
1189,3,4,2,2018
1190,4,4,2,2018
1191,5,4,2,2018
1192,6,4,2,2018
1193,7,4,2,2018
1194,8,4,2,2018
1195,9,4,2,2018
1196,10,4,2,2018
1197,11,4,2,2018
1198,12,4,2,2018
1199,13,4,2,2018
1200,14,4,2,2018
1201,15,4,2,2018
1202,16,4,2,2018
1203,17,4,2,2018
1204,18,4,2,2018
1205,19,4,2,2018
1206,20,4,2,2018
1207,21,4,2,2018
1208,22,4,2,2018
1209,23,4,2,2018
1210,24,4,2,2018
1211,25,4,2,2018
1212,26,4,2,2018
1213,27,4,2,2018
1214,28,4,2,2018
1215,29,4,2,2018
1216,30,4,2,2018
1217,1,5,2,2018
1218,2,5,2,2018
1219,3,5,2,2018
1220,4,5,2,2018
1221,5,5,2,2018
1222,6,5,2,2018
1223,7,5,2,2018
1224,8,5,2,2018
1225,9,5,2,2018
1226,10,5,2,2018
1227,11,5,2,2018
1228,12,5,2,2018
1229,13,5,2,2018
1230,14,5,2,2018
1231,15,5,2,2018
1232,16,5,2,2018
1233,17,5,2,2018
1234,18,5,2,2018
1235,19,5,2,2018
1236,20,5,2,2018
1237,21,5,2,2018
1238,22,5,2,2018
1239,23,5,2,2018
1240,24,5,2,2018
1241,25,5,2,2018
1242,26,5,2,2018
1243,27,5,2,2018
1244,28,5,2,2018
1245,29,5,2,2018
1246,30,5,2,2018
1247,31,5,2,2018
1248,1,6,2,2018
1249,2,6,2,2018
1250,3,6,2,2018
1251,4,6,2,2018
1252,5,6,2,2018
1253,6,6,2,2018
1254,7,6,2,2018
1255,8,6,2,2018
1256,9,6,2,2018
1257,10,6,2,2018
1258,11,6,2,2018
1259,12,6,2,2018
1260,13,6,2,2018
1261,14,6,2,2018
1262,15,6,2,2018
1263,16,6,2,2018
1264,17,6,2,2018
1265,18,6,2,2018
1266,19,6,2,2018
1267,20,6,2,2018
1268,21,6,2,2018
1269,22,6,2,2018
1270,23,6,2,2018
1271,24,6,2,2018
1272,25,6,2,2018
1273,26,6,2,2018
1274,27,6,2,2018
1275,28,6,2,2018
1276,29,6,2,2018
1277,30,6,2,2018
1278,1,7,3,2018
1279,2,7,3,2018
1280,3,7,3,2018
1281,4,7,3,2018
1282,5,7,3,2018
1283,6,7,3,2018
1284,7,7,3,2018
1285,8,7,3,2018
1286,9,7,3,2018
1287,10,7,3,2018
1288,11,7,3,2018
1289,12,7,3,2018
1290,13,7,3,2018
1291,14,7,3,2018
1292,15,7,3,2018
1293,16,7,3,2018
1294,17,7,3,2018
1295,18,7,3,2018
1296,19,7,3,2018
1297,20,7,3,2018
1298,21,7,3,2018
1299,22,7,3,2018
1300,23,7,3,2018
1301,24,7,3,2018
1302,25,7,3,2018
1303,26,7,3,2018
1304,27,7,3,2018
1305,28,7,3,2018
1306,29,7,3,2018
1307,30,7,3,2018
1308,31,7,3,2018
1309,1,8,3,2018
1310,2,8,3,2018
1311,3,8,3,2018
1312,4,8,3,2018
1313,5,8,3,2018
1314,6,8,3,2018
1315,7,8,3,2018
1316,8,8,3,2018
1317,9,8,3,2018
1318,10,8,3,2018
1319,11,8,3,2018
1320,12,8,3,2018
1321,13,8,3,2018
1322,14,8,3,2018
1323,15,8,3,2018
1324,16,8,3,2018
1325,17,8,3,2018
1326,18,8,3,2018
1327,19,8,3,2018
1328,20,8,3,2018
1329,21,8,3,2018
1330,22,8,3,2018
1331,23,8,3,2018
1332,24,8,3,2018
1333,25,8,3,2018
1334,26,8,3,2018
1335,27,8,3,2018
1336,28,8,3,2018
1337,29,8,3,2018
1338,30,8,3,2018
1339,31,8,3,2018
1340,1,9,3,2018
1341,2,9,3,2018
1342,3,9,3,2018
1343,4,9,3,2018
1344,5,9,3,2018
1345,6,9,3,2018
1346,7,9,3,2018
1347,8,9,3,2018
1348,9,9,3,2018
1349,10,9,3,2018
1350,11,9,3,2018
1351,12,9,3,2018
1352,13,9,3,2018
1353,14,9,3,2018
1354,15,9,3,2018
1355,16,9,3,2018
1356,17,9,3,2018
1357,18,9,3,2018
1358,19,9,3,2018
1359,20,9,3,2018
1360,21,9,3,2018
1361,22,9,3,2018
1362,23,9,3,2018
1363,24,9,3,2018
1364,25,9,3,2018
1365,26,9,3,2018
1366,27,9,3,2018
1367,28,9,3,2018
1368,29,9,3,2018
1369,30,9,3,2018
1370,1,10,4,2018
1371,2,10,4,2018
1372,3,10,4,2018
1373,4,10,4,2018
1374,5,10,4,2018
1375,6,10,4,2018
1376,7,10,4,2018
1377,8,10,4,2018
1378,9,10,4,2018
1379,10,10,4,2018
1380,11,10,4,2018
1381,12,10,4,2018
1382,13,10,4,2018
1383,14,10,4,2018
1384,15,10,4,2018
1385,16,10,4,2018
1386,17,10,4,2018
1387,18,10,4,2018
1388,19,10,4,2018
1389,20,10,4,2018
1390,21,10,4,2018
1391,22,10,4,2018
1392,23,10,4,2018
1393,24,10,4,2018
1394,25,10,4,2018
1395,26,10,4,2018
1396,27,10,4,2018
1397,28,10,4,2018
1398,29,10,4,2018
1399,30,10,4,2018
1400,31,10,4,2018
1401,1,11,4,2018
1402,2,11,4,2018
1403,3,11,4,2018
1404,4,11,4,2018
1405,5,11,4,2018
1406,6,11,4,2018
1407,7,11,4,2018
1408,8,11,4,2018
1409,9,11,4,2018
1410,10,11,4,2018
1411,11,11,4,2018
1412,12,11,4,2018
1413,13,11,4,2018
1414,14,11,4,2018
1415,15,11,4,2018
1416,16,11,4,2018
1417,17,11,4,2018
1418,18,11,4,2018
1419,19,11,4,2018
1420,20,11,4,2018
1421,21,11,4,2018
1422,22,11,4,2018
1423,23,11,4,2018
1424,24,11,4,2018
1425,25,11,4,2018
1426,26,11,4,2018
1427,27,11,4,2018
1428,28,11,4,2018
1429,29,11,4,2018
1430,30,11,4,2018
1431,1,12,4,2018
1432,2,12,4,2018
1433,3,12,4,2018
1434,4,12,4,2018
1435,5,12,4,2018
1436,6,12,4,2018
1437,7,12,4,2018
1438,8,12,4,2018
1439,9,12,4,2018
1440,10,12,4,2018
1441,11,12,4,2018
1442,12,12,4,2018
1443,13,12,4,2018
1444,14,12,4,2018
1445,15,12,4,2018
1446,16,12,4,2018
1447,17,12,4,2018
1448,18,12,4,2018
1449,19,12,4,2018
1450,20,12,4,2018
1451,21,12,4,2018
1452,22,12,4,2018
1453,23,12,4,2018
1454,24,12,4,2018
1455,25,12,4,2018
1456,26,12,4,2018
1457,27,12,4,2018
1458,28,12,4,2018
1459,29,12,4,2018
1460,30,12,4,2018
1461,31,12,4,2018
1462,1,1,1,2019
1463,2,1,1,2019
1464,3,1,1,2019
1465,4,1,1,2019
1466,5,1,1,2019
1467,6,1,1,2019
1468,7,1,1,2019
1469,8,1,1,2019
1470,9,1,1,2019
1471,10,1,1,2019
1472,11,1,1,2019
1473,12,1,1,2019
1474,13,1,1,2019
1475,14,1,1,2019
1476,15,1,1,2019
1477,16,1,1,2019
1478,17,1,1,2019
1479,18,1,1,2019
1480,19,1,1,2019
1481,20,1,1,2019
1482,21,1,1,2019
1483,22,1,1,2019
1484,23,1,1,2019
1485,24,1,1,2019
1486,25,1,1,2019
1487,26,1,1,2019
1488,27,1,1,2019
1489,28,1,1,2019
1490,29,1,1,2019
1491,30,1,1,2019
1492,31,1,1,2019
1493,1,2,1,2019
1494,2,2,1,2019
1495,3,2,1,2019
1496,4,2,1,2019
1497,5,2,1,2019
1498,6,2,1,2019
1499,7,2,1,2019
1500,8,2,1,2019
1501,9,2,1,2019
1502,10,2,1,2019
1503,11,2,1,2019
1504,12,2,1,2019
1505,13,2,1,2019
1506,14,2,1,2019
1507,15,2,1,2019
1508,16,2,1,2019
1509,17,2,1,2019
1510,18,2,1,2019
1511,19,2,1,2019
1512,20,2,1,2019
1513,21,2,1,2019
1514,22,2,1,2019
1515,23,2,1,2019
1516,24,2,1,2019
1517,25,2,1,2019
1518,26,2,1,2019
1519,27,2,1,2019
1520,28,2,1,2019
1521,1,3,1,2019
1522,2,3,1,2019
1523,3,3,1,2019
1524,4,3,1,2019
1525,5,3,1,2019
1526,6,3,1,2019
1527,7,3,1,2019
1528,8,3,1,2019
1529,9,3,1,2019
1530,10,3,1,2019
1531,11,3,1,2019
1532,12,3,1,2019
1533,13,3,1,2019
1534,14,3,1,2019
1535,15,3,1,2019
1536,16,3,1,2019
1537,17,3,1,2019
1538,18,3,1,2019
1539,19,3,1,2019
1540,20,3,1,2019
1541,21,3,1,2019
1542,22,3,1,2019
1543,23,3,1,2019
1544,24,3,1,2019
1545,25,3,1,2019
1546,26,3,1,2019
1547,27,3,1,2019
1548,28,3,1,2019
1549,29,3,1,2019
1550,30,3,1,2019
1551,31,3,1,2019
1552,1,4,2,2019
1553,2,4,2,2019
1554,3,4,2,2019
1555,4,4,2,2019
1556,5,4,2,2019
1557,6,4,2,2019
1558,7,4,2,2019
1559,8,4,2,2019
1560,9,4,2,2019
1561,10,4,2,2019
1562,11,4,2,2019
1563,12,4,2,2019
1564,13,4,2,2019
1565,14,4,2,2019
1566,15,4,2,2019
1567,16,4,2,2019
1568,17,4,2,2019
1569,18,4,2,2019
1570,19,4,2,2019
1571,20,4,2,2019
1572,21,4,2,2019
1573,22,4,2,2019
1574,23,4,2,2019
1575,24,4,2,2019
1576,25,4,2,2019
1577,26,4,2,2019
1578,27,4,2,2019
1579,28,4,2,2019
1580,29,4,2,2019
1581,30,4,2,2019
1582,1,5,2,2019
1583,2,5,2,2019
1584,3,5,2,2019
1585,4,5,2,2019
1586,5,5,2,2019
1587,6,5,2,2019
1588,7,5,2,2019
1589,8,5,2,2019
1590,9,5,2,2019
1591,10,5,2,2019
1592,11,5,2,2019
1593,12,5,2,2019
1594,13,5,2,2019
1595,14,5,2,2019
1596,15,5,2,2019
1597,16,5,2,2019
1598,17,5,2,2019
1599,18,5,2,2019
1600,19,5,2,2019
1601,20,5,2,2019
1602,21,5,2,2019
1603,22,5,2,2019
1604,23,5,2,2019
1605,24,5,2,2019
1606,25,5,2,2019
1607,26,5,2,2019
1608,27,5,2,2019
1609,28,5,2,2019
1610,29,5,2,2019
1611,30,5,2,2019
1612,31,5,2,2019
1613,1,6,2,2019
1614,2,6,2,2019
1615,3,6,2,2019
1616,4,6,2,2019
1617,5,6,2,2019
1618,6,6,2,2019
1619,7,6,2,2019
1620,8,6,2,2019
1621,9,6,2,2019
1622,10,6,2,2019
1623,11,6,2,2019
1624,12,6,2,2019
1625,13,6,2,2019
1626,14,6,2,2019
1627,15,6,2,2019
1628,16,6,2,2019
1629,17,6,2,2019
1630,18,6,2,2019
1631,19,6,2,2019
1632,20,6,2,2019
1633,21,6,2,2019
1634,22,6,2,2019
1635,23,6,2,2019
1636,24,6,2,2019
1637,25,6,2,2019
1638,26,6,2,2019
1639,27,6,2,2019
1640,28,6,2,2019
1641,29,6,2,2019
1642,30,6,2,2019
1643,1,7,3,2019
1644,2,7,3,2019
1645,3,7,3,2019
1646,4,7,3,2019
1647,5,7,3,2019
1648,6,7,3,2019
1649,7,7,3,2019
1650,8,7,3,2019
1651,9,7,3,2019
1652,10,7,3,2019
1653,11,7,3,2019
1654,12,7,3,2019
1655,13,7,3,2019
1656,14,7,3,2019
1657,15,7,3,2019
1658,16,7,3,2019
1659,17,7,3,2019
1660,18,7,3,2019
1661,19,7,3,2019
1662,20,7,3,2019
1663,21,7,3,2019
1664,22,7,3,2019
1665,23,7,3,2019
1666,24,7,3,2019
1667,25,7,3,2019
1668,26,7,3,2019
1669,27,7,3,2019
1670,28,7,3,2019
1671,29,7,3,2019
1672,30,7,3,2019
1673,31,7,3,2019
1674,1,8,3,2019
1675,2,8,3,2019
1676,3,8,3,2019
1677,4,8,3,2019
1678,5,8,3,2019
1679,6,8,3,2019
1680,7,8,3,2019
1681,8,8,3,2019
1682,9,8,3,2019
1683,10,8,3,2019
1684,11,8,3,2019
1685,12,8,3,2019
1686,13,8,3,2019
1687,14,8,3,2019
1688,15,8,3,2019
1689,16,8,3,2019
1690,17,8,3,2019
1691,18,8,3,2019
1692,19,8,3,2019
1693,20,8,3,2019
1694,21,8,3,2019
1695,22,8,3,2019
1696,23,8,3,2019
1697,24,8,3,2019
1698,25,8,3,2019
1699,26,8,3,2019
1700,27,8,3,2019
1701,28,8,3,2019
1702,29,8,3,2019
1703,30,8,3,2019
1704,31,8,3,2019
1705,1,9,3,2019
1706,2,9,3,2019
1707,3,9,3,2019
1708,4,9,3,2019
1709,5,9,3,2019
1710,6,9,3,2019
1711,7,9,3,2019
1712,8,9,3,2019
1713,9,9,3,2019
1714,10,9,3,2019
1715,11,9,3,2019
1716,12,9,3,2019
1717,13,9,3,2019
1718,14,9,3,2019
1719,15,9,3,2019
1720,16,9,3,2019
1721,17,9,3,2019
1722,18,9,3,2019
1723,19,9,3,2019
1724,20,9,3,2019
1725,21,9,3,2019
1726,22,9,3,2019
1727,23,9,3,2019
1728,24,9,3,2019
1729,25,9,3,2019
1730,26,9,3,2019
1731,27,9,3,2019
1732,28,9,3,2019
1733,29,9,3,2019
1734,30,9,3,2019
1735,1,10,4,2019
1736,2,10,4,2019
1737,3,10,4,2019
1738,4,10,4,2019
1739,5,10,4,2019
1740,6,10,4,2019
1741,7,10,4,2019
1742,8,10,4,2019
1743,9,10,4,2019
1744,10,10,4,2019
1745,11,10,4,2019
1746,12,10,4,2019
1747,13,10,4,2019
1748,14,10,4,2019
1749,15,10,4,2019
1750,16,10,4,2019
1751,17,10,4,2019
1752,18,10,4,2019
1753,19,10,4,2019
1754,20,10,4,2019
1755,21,10,4,2019
1756,22,10,4,2019
1757,23,10,4,2019
1758,24,10,4,2019
1759,25,10,4,2019
1760,26,10,4,2019
1761,27,10,4,2019
1762,28,10,4,2019
1763,29,10,4,2019
1764,30,10,4,2019
1765,31,10,4,2019
1766,1,11,4,2019
1767,2,11,4,2019
1768,3,11,4,2019
1769,4,11,4,2019
1770,5,11,4,2019
1771,6,11,4,2019
1772,7,11,4,2019
1773,8,11,4,2019
1774,9,11,4,2019
1775,10,11,4,2019
1776,11,11,4,2019
1777,12,11,4,2019
1778,13,11,4,2019
1779,14,11,4,2019
1780,15,11,4,2019
1781,16,11,4,2019
1782,17,11,4,2019
1783,18,11,4,2019
1784,19,11,4,2019
1785,20,11,4,2019
1786,21,11,4,2019
1787,22,11,4,2019
1788,23,11,4,2019
1789,24,11,4,2019
1790,25,11,4,2019
1791,26,11,4,2019
1792,27,11,4,2019
1793,28,11,4,2019
1794,29,11,4,2019
1795,30,11,4,2019
1796,1,12,4,2019
1797,2,12,4,2019
1798,3,12,4,2019
1799,4,12,4,2019
1800,5,12,4,2019
1801,6,12,4,2019
1802,7,12,4,2019
1803,8,12,4,2019
1804,9,12,4,2019
1805,10,12,4,2019
1806,11,12,4,2019
1807,12,12,4,2019
1808,13,12,4,2019
1809,14,12,4,2019
1810,15,12,4,2019
1811,16,12,4,2019
1812,17,12,4,2019
1813,18,12,4,2019
1814,19,12,4,2019
1815,20,12,4,2019
1816,21,12,4,2019
1817,22,12,4,2019
1818,23,12,4,2019
1819,24,12,4,2019
1820,25,12,4,2019
1821,26,12,4,2019
1822,27,12,4,2019
1823,28,12,4,2019
1824,29,12,4,2019
1825,30,12,4,2019
1826,31,12,4,2019
1827,1,1,1,2020
1828,2,1,1,2020
1829,3,1,1,2020
1830,4,1,1,2020
1831,5,1,1,2020
1832,6,1,1,2020
1833,7,1,1,2020
1834,8,1,1,2020
1835,9,1,1,2020
1836,10,1,1,2020
1837,11,1,1,2020
1838,12,1,1,2020
1839,13,1,1,2020
1840,14,1,1,2020
1841,15,1,1,2020
1842,16,1,1,2020
1843,17,1,1,2020
1844,18,1,1,2020
1845,19,1,1,2020
1846,20,1,1,2020
1847,21,1,1,2020
1848,22,1,1,2020
1849,23,1,1,2020
1850,24,1,1,2020
1851,25,1,1,2020
1852,26,1,1,2020
1853,27,1,1,2020
1854,28,1,1,2020
1855,29,1,1,2020
1856,30,1,1,2020
1857,31,1,1,2020
1858,1,2,1,2020
1859,2,2,1,2020
1860,3,2,1,2020
1861,4,2,1,2020
1862,5,2,1,2020
1863,6,2,1,2020
1864,7,2,1,2020
1865,8,2,1,2020
1866,9,2,1,2020
1867,10,2,1,2020
1868,11,2,1,2020
1869,12,2,1,2020
1870,13,2,1,2020
1871,14,2,1,2020
1872,15,2,1,2020
1873,16,2,1,2020
1874,17,2,1,2020
1875,18,2,1,2020
1876,19,2,1,2020
1877,20,2,1,2020
1878,21,2,1,2020
1879,22,2,1,2020
1880,23,2,1,2020
1881,24,2,1,2020
1882,25,2,1,2020
1883,26,2,1,2020
1884,27,2,1,2020
1885,28,2,1,2020
1886,29,2,1,2020
1887,1,3,1,2020
1888,2,3,1,2020
1889,3,3,1,2020
1890,4,3,1,2020
1891,5,3,1,2020
1892,6,3,1,2020
1893,7,3,1,2020
1894,8,3,1,2020
1895,9,3,1,2020
1896,10,3,1,2020
1897,11,3,1,2020
1898,12,3,1,2020
1899,13,3,1,2020
1900,14,3,1,2020
1901,15,3,1,2020
1902,16,3,1,2020
1903,17,3,1,2020
1904,18,3,1,2020
1905,19,3,1,2020
1906,20,3,1,2020
1907,21,3,1,2020
1908,22,3,1,2020
1909,23,3,1,2020
1910,24,3,1,2020
1911,25,3,1,2020
1912,26,3,1,2020
1913,27,3,1,2020
1914,28,3,1,2020
1915,29,3,1,2020
1916,30,3,1,2020
1917,31,3,1,2020
1918,1,4,2,2020
1919,2,4,2,2020
1920,3,4,2,2020
1921,4,4,2,2020
1922,5,4,2,2020
1923,6,4,2,2020
1924,7,4,2,2020
1925,8,4,2,2020
1926,9,4,2,2020
1927,10,4,2,2020
1928,11,4,2,2020
1929,12,4,2,2020
1930,13,4,2,2020
1931,14,4,2,2020
1932,15,4,2,2020
1933,16,4,2,2020
1934,17,4,2,2020
1935,18,4,2,2020
1936,19,4,2,2020
1937,20,4,2,2020
1938,21,4,2,2020
1939,22,4,2,2020
1940,23,4,2,2020
1941,24,4,2,2020
1942,25,4,2,2020
1943,26,4,2,2020
1944,27,4,2,2020
1945,28,4,2,2020
1946,29,4,2,2020
1947,30,4,2,2020
1948,1,5,2,2020
1949,2,5,2,2020
1950,3,5,2,2020
1951,4,5,2,2020
1952,5,5,2,2020
1953,6,5,2,2020
1954,7,5,2,2020
1955,8,5,2,2020
1956,9,5,2,2020
1957,10,5,2,2020
1958,11,5,2,2020
1959,12,5,2,2020
1960,13,5,2,2020
1961,14,5,2,2020
1962,15,5,2,2020
1963,16,5,2,2020
1964,17,5,2,2020
1965,18,5,2,2020
1966,19,5,2,2020
1967,20,5,2,2020
1968,21,5,2,2020
1969,22,5,2,2020
1970,23,5,2,2020
1971,24,5,2,2020
1972,25,5,2,2020
1973,26,5,2,2020
1974,27,5,2,2020
1975,28,5,2,2020
1976,29,5,2,2020
1977,30,5,2,2020
1978,31,5,2,2020
1979,1,6,2,2020
1980,2,6,2,2020
1981,3,6,2,2020
1982,4,6,2,2020
1983,5,6,2,2020
1984,6,6,2,2020
1985,7,6,2,2020
1986,8,6,2,2020
1987,9,6,2,2020
1988,10,6,2,2020
1989,11,6,2,2020
1990,12,6,2,2020
1991,13,6,2,2020
1992,14,6,2,2020
1993,15,6,2,2020
1994,16,6,2,2020
1995,17,6,2,2020
1996,18,6,2,2020
1997,19,6,2,2020
1998,20,6,2,2020
1999,21,6,2,2020
2000,22,6,2,2020
2001,23,6,2,2020
2002,24,6,2,2020
2003,25,6,2,2020
2004,26,6,2,2020
2005,27,6,2,2020
2006,28,6,2,2020
2007,29,6,2,2020
2008,30,6,2,2020
2009,1,7,3,2020
2010,2,7,3,2020
2011,3,7,3,2020
2012,4,7,3,2020
2013,5,7,3,2020
2014,6,7,3,2020
2015,7,7,3,2020
2016,8,7,3,2020
2017,9,7,3,2020
2018,10,7,3,2020
2019,11,7,3,2020
2020,12,7,3,2020
2021,13,7,3,2020
2022,14,7,3,2020
2023,15,7,3,2020
2024,16,7,3,2020
2025,17,7,3,2020
2026,18,7,3,2020
2027,19,7,3,2020
2028,20,7,3,2020
2029,21,7,3,2020
2030,22,7,3,2020
2031,23,7,3,2020
2032,24,7,3,2020
2033,25,7,3,2020
2034,26,7,3,2020
2035,27,7,3,2020
2036,28,7,3,2020
2037,29,7,3,2020
2038,30,7,3,2020
2039,31,7,3,2020
2040,1,8,3,2020
2041,2,8,3,2020
2042,3,8,3,2020
2043,4,8,3,2020
2044,5,8,3,2020
2045,6,8,3,2020
2046,7,8,3,2020
2047,8,8,3,2020
2048,9,8,3,2020
2049,10,8,3,2020
2050,11,8,3,2020
2051,12,8,3,2020
2052,13,8,3,2020
2053,14,8,3,2020
2054,15,8,3,2020
2055,16,8,3,2020
2056,17,8,3,2020
2057,18,8,3,2020
2058,19,8,3,2020
2059,20,8,3,2020
2060,21,8,3,2020
2061,22,8,3,2020
2062,23,8,3,2020
2063,24,8,3,2020
2064,25,8,3,2020
2065,26,8,3,2020
2066,27,8,3,2020
2067,28,8,3,2020
2068,29,8,3,2020
2069,30,8,3,2020
2070,31,8,3,2020
2071,1,9,3,2020
2072,2,9,3,2020
2073,3,9,3,2020
2074,4,9,3,2020
2075,5,9,3,2020
2076,6,9,3,2020
2077,7,9,3,2020
2078,8,9,3,2020
2079,9,9,3,2020
2080,10,9,3,2020
2081,11,9,3,2020
2082,12,9,3,2020
2083,13,9,3,2020
2084,14,9,3,2020
2085,15,9,3,2020
2086,16,9,3,2020
2087,17,9,3,2020
2088,18,9,3,2020
2089,19,9,3,2020
2090,20,9,3,2020
2091,21,9,3,2020
2092,22,9,3,2020
2093,23,9,3,2020
2094,24,9,3,2020
2095,25,9,3,2020
2096,26,9,3,2020
2097,27,9,3,2020
2098,28,9,3,2020
2099,29,9,3,2020
2100,30,9,3,2020
2101,1,10,4,2020
2102,2,10,4,2020
2103,3,10,4,2020
2104,4,10,4,2020
2105,5,10,4,2020
2106,6,10,4,2020
2107,7,10,4,2020
2108,8,10,4,2020
2109,9,10,4,2020
2110,10,10,4,2020
2111,11,10,4,2020
2112,12,10,4,2020
2113,13,10,4,2020
2114,14,10,4,2020
2115,15,10,4,2020
2116,16,10,4,2020
2117,17,10,4,2020
2118,18,10,4,2020
2119,19,10,4,2020
2120,20,10,4,2020
2121,21,10,4,2020
2122,22,10,4,2020
2123,23,10,4,2020
2124,24,10,4,2020
2125,25,10,4,2020
2126,26,10,4,2020
2127,27,10,4,2020
2128,28,10,4,2020
2129,29,10,4,2020
2130,30,10,4,2020
2131,31,10,4,2020
2132,1,11,4,2020
2133,2,11,4,2020
2134,3,11,4,2020
2135,4,11,4,2020
2136,5,11,4,2020
2137,6,11,4,2020
2138,7,11,4,2020
2139,8,11,4,2020
2140,9,11,4,2020
2141,10,11,4,2020
2142,11,11,4,2020
2143,12,11,4,2020
2144,13,11,4,2020
2145,14,11,4,2020
2146,15,11,4,2020
2147,16,11,4,2020
2148,17,11,4,2020
2149,18,11,4,2020
2150,19,11,4,2020
2151,20,11,4,2020
2152,21,11,4,2020
2153,22,11,4,2020
2154,23,11,4,2020
2155,24,11,4,2020
2156,25,11,4,2020
2157,26,11,4,2020
2158,27,11,4,2020
2159,28,11,4,2020
2160,29,11,4,2020
2161,30,11,4,2020
2162,1,12,4,2020
2163,2,12,4,2020
2164,3,12,4,2020
2165,4,12,4,2020
2166,5,12,4,2020
2167,6,12,4,2020
2168,7,12,4,2020
2169,8,12,4,2020
2170,9,12,4,2020
2171,10,12,4,2020
2172,11,12,4,2020
2173,12,12,4,2020
2174,13,12,4,2020
2175,14,12,4,2020
2176,15,12,4,2020
2177,16,12,4,2020
2178,17,12,4,2020
2179,18,12,4,2020
2180,19,12,4,2020
2181,20,12,4,2020
2182,21,12,4,2020
2183,22,12,4,2020
2184,23,12,4,2020
2185,24,12,4,2020
2186,25,12,4,2020
2187,26,12,4,2020
2188,27,12,4,2020
2189,28,12,4,2020
2190,29,12,4,2020
2191,30,12,4,2020
2192,31,12,4,2020
2193,1,1,1,2021
2194,2,1,1,2021
2195,3,1,1,2021
2196,4,1,1,2021
2197,5,1,1,2021
2198,6,1,1,2021
2199,7,1,1,2021
2200,8,1,1,2021
2201,9,1,1,2021
2202,10,1,1,2021
2203,11,1,1,2021
2204,12,1,1,2021
2205,13,1,1,2021
2206,14,1,1,2021
2207,15,1,1,2021
2208,16,1,1,2021
2209,17,1,1,2021
2210,18,1,1,2021
2211,19,1,1,2021
2212,20,1,1,2021
2213,21,1,1,2021
2214,22,1,1,2021
2215,23,1,1,2021
2216,24,1,1,2021
2217,25,1,1,2021
2218,26,1,1,2021
2219,27,1,1,2021
2220,28,1,1,2021
2221,29,1,1,2021
2222,30,1,1,2021
2223,31,1,1,2021
2224,1,2,1,2021
2225,2,2,1,2021
2226,3,2,1,2021
2227,4,2,1,2021
2228,5,2,1,2021
2229,6,2,1,2021
2230,7,2,1,2021
2231,8,2,1,2021
2232,9,2,1,2021
2233,10,2,1,2021
2234,11,2,1,2021
2235,12,2,1,2021
2236,13,2,1,2021
2237,14,2,1,2021
2238,15,2,1,2021
2239,16,2,1,2021
2240,17,2,1,2021
2241,18,2,1,2021
2242,19,2,1,2021
2243,20,2,1,2021
2244,21,2,1,2021
2245,22,2,1,2021
2246,23,2,1,2021
2247,24,2,1,2021
2248,25,2,1,2021
2249,26,2,1,2021
2250,27,2,1,2021
2251,28,2,1,2021
2252,1,3,1,2021
2253,2,3,1,2021
2254,3,3,1,2021
2255,4,3,1,2021
2256,5,3,1,2021
2257,6,3,1,2021
2258,7,3,1,2021
2259,8,3,1,2021
2260,9,3,1,2021
2261,10,3,1,2021
2262,11,3,1,2021
2263,12,3,1,2021
2264,13,3,1,2021
2265,14,3,1,2021
2266,15,3,1,2021
2267,16,3,1,2021
2268,17,3,1,2021
2269,18,3,1,2021
2270,19,3,1,2021
2271,20,3,1,2021
2272,21,3,1,2021
2273,22,3,1,2021
2274,23,3,1,2021
2275,24,3,1,2021
2276,25,3,1,2021
2277,26,3,1,2021
2278,27,3,1,2021
2279,28,3,1,2021
2280,29,3,1,2021
2281,30,3,1,2021
2282,31,3,1,2021
2283,1,4,2,2021
2284,2,4,2,2021
2285,3,4,2,2021
2286,4,4,2,2021
2287,5,4,2,2021
2288,6,4,2,2021
2289,7,4,2,2021
2290,8,4,2,2021
2291,9,4,2,2021
2292,10,4,2,2021
2293,11,4,2,2021
2294,12,4,2,2021
2295,13,4,2,2021
2296,14,4,2,2021
2297,15,4,2,2021
2298,16,4,2,2021
2299,17,4,2,2021
2300,18,4,2,2021
2301,19,4,2,2021
2302,20,4,2,2021
2303,21,4,2,2021
2304,22,4,2,2021
2305,23,4,2,2021
2306,24,4,2,2021
2307,25,4,2,2021
2308,26,4,2,2021
2309,27,4,2,2021
2310,28,4,2,2021
2311,29,4,2,2021
2312,30,4,2,2021
2313,1,5,2,2021
2314,2,5,2,2021
2315,3,5,2,2021
2316,4,5,2,2021
2317,5,5,2,2021
2318,6,5,2,2021
2319,7,5,2,2021
2320,8,5,2,2021
2321,9,5,2,2021
2322,10,5,2,2021
2323,11,5,2,2021
2324,12,5,2,2021
2325,13,5,2,2021
2326,14,5,2,2021
2327,15,5,2,2021
2328,16,5,2,2021
2329,17,5,2,2021
2330,18,5,2,2021
2331,19,5,2,2021
2332,20,5,2,2021
2333,21,5,2,2021
2334,22,5,2,2021
2335,23,5,2,2021
2336,24,5,2,2021
2337,25,5,2,2021
2338,26,5,2,2021
2339,27,5,2,2021
2340,28,5,2,2021
2341,29,5,2,2021
2342,30,5,2,2021
2343,31,5,2,2021
2344,1,6,2,2021
2345,2,6,2,2021
2346,3,6,2,2021
2347,4,6,2,2021
2348,5,6,2,2021
2349,6,6,2,2021
2350,7,6,2,2021
2351,8,6,2,2021
2352,9,6,2,2021
2353,10,6,2,2021
2354,11,6,2,2021
2355,12,6,2,2021
2356,13,6,2,2021
2357,14,6,2,2021
2358,15,6,2,2021
2359,16,6,2,2021
2360,17,6,2,2021
2361,18,6,2,2021
2362,19,6,2,2021
2363,20,6,2,2021
2364,21,6,2,2021
2365,22,6,2,2021
2366,23,6,2,2021
2367,24,6,2,2021
2368,25,6,2,2021
2369,26,6,2,2021
2370,27,6,2,2021
2371,28,6,2,2021
2372,29,6,2,2021
2373,30,6,2,2021
2374,1,7,3,2021
2375,2,7,3,2021
2376,3,7,3,2021
2377,4,7,3,2021
2378,5,7,3,2021
2379,6,7,3,2021
2380,7,7,3,2021
2381,8,7,3,2021
2382,9,7,3,2021
2383,10,7,3,2021
2384,11,7,3,2021
2385,12,7,3,2021
2386,13,7,3,2021
2387,14,7,3,2021
2388,15,7,3,2021
2389,16,7,3,2021
2390,17,7,3,2021
2391,18,7,3,2021
2392,19,7,3,2021
2393,20,7,3,2021
2394,21,7,3,2021
2395,22,7,3,2021
2396,23,7,3,2021
2397,24,7,3,2021
2398,25,7,3,2021
2399,26,7,3,2021
2400,27,7,3,2021
2401,28,7,3,2021
2402,29,7,3,2021
2403,30,7,3,2021
2404,31,7,3,2021
2405,1,8,3,2021
2406,2,8,3,2021
2407,3,8,3,2021
2408,4,8,3,2021
2409,5,8,3,2021
2410,6,8,3,2021
2411,7,8,3,2021
2412,8,8,3,2021
2413,9,8,3,2021
2414,10,8,3,2021
2415,11,8,3,2021
2416,12,8,3,2021
2417,13,8,3,2021
2418,14,8,3,2021
2419,15,8,3,2021
2420,16,8,3,2021
2421,17,8,3,2021
2422,18,8,3,2021
2423,19,8,3,2021
2424,20,8,3,2021
2425,21,8,3,2021
2426,22,8,3,2021
2427,23,8,3,2021
2428,24,8,3,2021
2429,25,8,3,2021
2430,26,8,3,2021
2431,27,8,3,2021
2432,28,8,3,2021
2433,29,8,3,2021
2434,30,8,3,2021
2435,31,8,3,2021
2436,1,9,3,2021
2437,2,9,3,2021
2438,3,9,3,2021
2439,4,9,3,2021
2440,5,9,3,2021
2441,6,9,3,2021
2442,7,9,3,2021
2443,8,9,3,2021
2444,9,9,3,2021
2445,10,9,3,2021
2446,11,9,3,2021
2447,12,9,3,2021
2448,13,9,3,2021
2449,14,9,3,2021
2450,15,9,3,2021
2451,16,9,3,2021
2452,17,9,3,2021
2453,18,9,3,2021
2454,19,9,3,2021
2455,20,9,3,2021
2456,21,9,3,2021
2457,22,9,3,2021
2458,23,9,3,2021
2459,24,9,3,2021
2460,25,9,3,2021
2461,26,9,3,2021
2462,27,9,3,2021
2463,28,9,3,2021
2464,29,9,3,2021
2465,30,9,3,2021
2466,1,10,4,2021
2467,2,10,4,2021
2468,3,10,4,2021
2469,4,10,4,2021
2470,5,10,4,2021
2471,6,10,4,2021
2472,7,10,4,2021
2473,8,10,4,2021
2474,9,10,4,2021
2475,10,10,4,2021
2476,11,10,4,2021
2477,12,10,4,2021
2478,13,10,4,2021
2479,14,10,4,2021
2480,15,10,4,2021
2481,16,10,4,2021
2482,17,10,4,2021
2483,18,10,4,2021
2484,19,10,4,2021
2485,20,10,4,2021
2486,21,10,4,2021
2487,22,10,4,2021
2488,23,10,4,2021
2489,24,10,4,2021
2490,25,10,4,2021
2491,26,10,4,2021
2492,27,10,4,2021
2493,28,10,4,2021
2494,29,10,4,2021
2495,30,10,4,2021
2496,31,10,4,2021
2497,1,11,4,2021
2498,2,11,4,2021
2499,3,11,4,2021
2500,4,11,4,2021
2501,5,11,4,2021
2502,6,11,4,2021
2503,7,11,4,2021
2504,8,11,4,2021
2505,9,11,4,2021
2506,10,11,4,2021
2507,11,11,4,2021
2508,12,11,4,2021
2509,13,11,4,2021
2510,14,11,4,2021
2511,15,11,4,2021
2512,16,11,4,2021
2513,17,11,4,2021
2514,18,11,4,2021
2515,19,11,4,2021
2516,20,11,4,2021
2517,21,11,4,2021
2518,22,11,4,2021
2519,23,11,4,2021
2520,24,11,4,2021
2521,25,11,4,2021
2522,26,11,4,2021
2523,27,11,4,2021
2524,28,11,4,2021
2525,29,11,4,2021
2526,30,11,4,2021
2527,1,12,4,2021
2528,2,12,4,2021
2529,3,12,4,2021
2530,4,12,4,2021
2531,5,12,4,2021
2532,6,12,4,2021
2533,7,12,4,2021
2534,8,12,4,2021
2535,9,12,4,2021
2536,10,12,4,2021
2537,11,12,4,2021
2538,12,12,4,2021
2539,13,12,4,2021
2540,14,12,4,2021
2541,15,12,4,2021
2542,16,12,4,2021
2543,17,12,4,2021
2544,18,12,4,2021
2545,19,12,4,2021
2546,20,12,4,2021
2547,21,12,4,2021
2548,22,12,4,2021
2549,23,12,4,2021
2550,24,12,4,2021
2551,25,12,4,2021
2552,26,12,4,2021
2553,27,12,4,2021
2554,28,12,4,2021
2555,29,12,4,2021
2556,30,12,4,2021
2557,31,12,4,2021
2558,1,1,1,2022
2559,2,1,1,2022
2560,3,1,1,2022
2561,4,1,1,2022
2562,5,1,1,2022
2563,6,1,1,2022
2564,7,1,1,2022
2565,8,1,1,2022
2566,9,1,1,2022
2567,10,1,1,2022
2568,11,1,1,2022
2569,12,1,1,2022
2570,13,1,1,2022
2571,14,1,1,2022
2572,15,1,1,2022
2573,16,1,1,2022
2574,17,1,1,2022
2575,18,1,1,2022
2576,19,1,1,2022
2577,20,1,1,2022
2578,21,1,1,2022
2579,22,1,1,2022
2580,23,1,1,2022
2581,24,1,1,2022
2582,25,1,1,2022
2583,26,1,1,2022
2584,27,1,1,2022
2585,28,1,1,2022
2586,29,1,1,2022
2587,30,1,1,2022
2588,31,1,1,2022
2589,1,2,1,2022
2590,2,2,1,2022
2591,3,2,1,2022
2592,4,2,1,2022
2593,5,2,1,2022
2594,6,2,1,2022
2595,7,2,1,2022
2596,8,2,1,2022
2597,9,2,1,2022
2598,10,2,1,2022
2599,11,2,1,2022
2600,12,2,1,2022
2601,13,2,1,2022
2602,14,2,1,2022
2603,15,2,1,2022
2604,16,2,1,2022
2605,17,2,1,2022
2606,18,2,1,2022
2607,19,2,1,2022
2608,20,2,1,2022
2609,21,2,1,2022
2610,22,2,1,2022
2611,23,2,1,2022
2612,24,2,1,2022
2613,25,2,1,2022
2614,26,2,1,2022
2615,27,2,1,2022
2616,28,2,1,2022
2617,1,3,1,2022
2618,2,3,1,2022
2619,3,3,1,2022
2620,4,3,1,2022
2621,5,3,1,2022
2622,6,3,1,2022
2623,7,3,1,2022
2624,8,3,1,2022
2625,9,3,1,2022
2626,10,3,1,2022
2627,11,3,1,2022
2628,12,3,1,2022
2629,13,3,1,2022
2630,14,3,1,2022
2631,15,3,1,2022
2632,16,3,1,2022
2633,17,3,1,2022
2634,18,3,1,2022
2635,19,3,1,2022
2636,20,3,1,2022
2637,21,3,1,2022
2638,22,3,1,2022
2639,23,3,1,2022
2640,24,3,1,2022
2641,25,3,1,2022
2642,26,3,1,2022
2643,27,3,1,2022
2644,28,3,1,2022
2645,29,3,1,2022
2646,30,3,1,2022
2647,31,3,1,2022
2648,1,4,2,2022
2649,2,4,2,2022
2650,3,4,2,2022
2651,4,4,2,2022
2652,5,4,2,2022
2653,6,4,2,2022
2654,7,4,2,2022
2655,8,4,2,2022
2656,9,4,2,2022
2657,10,4,2,2022
2658,11,4,2,2022
2659,12,4,2,2022
2660,13,4,2,2022
2661,14,4,2,2022
2662,15,4,2,2022
2663,16,4,2,2022
2664,17,4,2,2022
2665,18,4,2,2022
2666,19,4,2,2022
2667,20,4,2,2022
2668,21,4,2,2022
2669,22,4,2,2022
2670,23,4,2,2022
2671,24,4,2,2022
2672,25,4,2,2022
2673,26,4,2,2022
2674,27,4,2,2022
2675,28,4,2,2022
2676,29,4,2,2022
2677,30,4,2,2022
2678,1,5,2,2022
2679,2,5,2,2022
2680,3,5,2,2022
2681,4,5,2,2022
2682,5,5,2,2022
2683,6,5,2,2022
2684,7,5,2,2022
2685,8,5,2,2022
2686,9,5,2,2022
2687,10,5,2,2022
2688,11,5,2,2022
2689,12,5,2,2022
2690,13,5,2,2022
2691,14,5,2,2022
2692,15,5,2,2022
2693,16,5,2,2022
2694,17,5,2,2022
2695,18,5,2,2022
2696,19,5,2,2022
2697,20,5,2,2022
2698,21,5,2,2022
2699,22,5,2,2022
2700,23,5,2,2022
2701,24,5,2,2022
2702,25,5,2,2022
2703,26,5,2,2022
2704,27,5,2,2022
2705,28,5,2,2022
2706,29,5,2,2022
2707,30,5,2,2022
2708,31,5,2,2022
2709,1,6,2,2022
2710,2,6,2,2022
2711,3,6,2,2022
2712,4,6,2,2022
2713,5,6,2,2022
2714,6,6,2,2022
2715,7,6,2,2022
2716,8,6,2,2022
2717,9,6,2,2022
2718,10,6,2,2022
2719,11,6,2,2022
2720,12,6,2,2022
2721,13,6,2,2022
2722,14,6,2,2022
2723,15,6,2,2022
2724,16,6,2,2022
2725,17,6,2,2022
2726,18,6,2,2022
2727,19,6,2,2022
2728,20,6,2,2022
2729,21,6,2,2022
2730,22,6,2,2022
2731,23,6,2,2022
2732,24,6,2,2022
2733,25,6,2,2022
2734,26,6,2,2022
2735,27,6,2,2022
2736,28,6,2,2022
2737,29,6,2,2022
2738,30,6,2,2022
2739,1,7,3,2022
2740,2,7,3,2022
2741,3,7,3,2022
2742,4,7,3,2022
2743,5,7,3,2022
2744,6,7,3,2022
2745,7,7,3,2022
2746,8,7,3,2022
2747,9,7,3,2022
2748,10,7,3,2022
2749,11,7,3,2022
2750,12,7,3,2022
2751,13,7,3,2022
2752,14,7,3,2022
2753,15,7,3,2022
2754,16,7,3,2022
2755,17,7,3,2022
2756,18,7,3,2022
2757,19,7,3,2022
2758,20,7,3,2022
2759,21,7,3,2022
2760,22,7,3,2022
2761,23,7,3,2022
2762,24,7,3,2022
2763,25,7,3,2022
2764,26,7,3,2022
2765,27,7,3,2022
2766,28,7,3,2022
2767,29,7,3,2022
2768,30,7,3,2022
2769,31,7,3,2022
2770,1,8,3,2022
2771,2,8,3,2022
2772,3,8,3,2022
2773,4,8,3,2022
2774,5,8,3,2022
2775,6,8,3,2022
2776,7,8,3,2022
2777,8,8,3,2022
2778,9,8,3,2022
2779,10,8,3,2022
2780,11,8,3,2022
2781,12,8,3,2022
2782,13,8,3,2022
2783,14,8,3,2022
2784,15,8,3,2022
2785,16,8,3,2022
2786,17,8,3,2022
2787,18,8,3,2022
2788,19,8,3,2022
2789,20,8,3,2022
2790,21,8,3,2022
2791,22,8,3,2022
2792,23,8,3,2022
2793,24,8,3,2022
2794,25,8,3,2022
2795,26,8,3,2022
2796,27,8,3,2022
2797,28,8,3,2022
2798,29,8,3,2022
2799,30,8,3,2022
2800,31,8,3,2022
2801,1,9,3,2022
2802,2,9,3,2022
2803,3,9,3,2022
2804,4,9,3,2022
2805,5,9,3,2022
2806,6,9,3,2022
2807,7,9,3,2022
2808,8,9,3,2022
2809,9,9,3,2022
2810,10,9,3,2022
2811,11,9,3,2022
2812,12,9,3,2022
2813,13,9,3,2022
2814,14,9,3,2022
2815,15,9,3,2022
2816,16,9,3,2022
2817,17,9,3,2022
2818,18,9,3,2022
2819,19,9,3,2022
2820,20,9,3,2022
2821,21,9,3,2022
2822,22,9,3,2022
2823,23,9,3,2022
2824,24,9,3,2022
2825,25,9,3,2022
2826,26,9,3,2022
2827,27,9,3,2022
2828,28,9,3,2022
2829,29,9,3,2022
2830,30,9,3,2022
2831,1,10,4,2022
2832,2,10,4,2022
2833,3,10,4,2022
2834,4,10,4,2022
2835,5,10,4,2022
2836,6,10,4,2022
2837,7,10,4,2022
2838,8,10,4,2022
2839,9,10,4,2022
2840,10,10,4,2022
2841,11,10,4,2022
2842,12,10,4,2022
2843,13,10,4,2022
2844,14,10,4,2022
2845,15,10,4,2022
2846,16,10,4,2022
2847,17,10,4,2022
2848,18,10,4,2022
2849,19,10,4,2022
2850,20,10,4,2022
2851,21,10,4,2022
2852,22,10,4,2022
2853,23,10,4,2022
2854,24,10,4,2022
2855,25,10,4,2022
2856,26,10,4,2022
2857,27,10,4,2022
2858,28,10,4,2022
2859,29,10,4,2022
2860,30,10,4,2022
2861,31,10,4,2022
2862,1,11,4,2022
2863,2,11,4,2022
2864,3,11,4,2022
2865,4,11,4,2022
2866,5,11,4,2022
2867,6,11,4,2022
2868,7,11,4,2022
2869,8,11,4,2022
2870,9,11,4,2022
2871,10,11,4,2022
2872,11,11,4,2022
2873,12,11,4,2022
2874,13,11,4,2022
2875,14,11,4,2022
2876,15,11,4,2022
2877,16,11,4,2022
2878,17,11,4,2022
2879,18,11,4,2022
2880,19,11,4,2022
2881,20,11,4,2022
2882,21,11,4,2022
2883,22,11,4,2022
2884,23,11,4,2022
2885,24,11,4,2022
2886,25,11,4,2022
2887,26,11,4,2022
2888,27,11,4,2022
2889,28,11,4,2022
2890,29,11,4,2022
2891,30,11,4,2022
2892,1,12,4,2022
2893,2,12,4,2022
2894,3,12,4,2022
2895,4,12,4,2022
2896,5,12,4,2022
2897,6,12,4,2022
2898,7,12,4,2022
2899,8,12,4,2022
2900,9,12,4,2022
2901,10,12,4,2022
2902,11,12,4,2022
2903,12,12,4,2022
2904,13,12,4,2022
2905,14,12,4,2022
2906,15,12,4,2022
2907,16,12,4,2022
2908,17,12,4,2022
2909,18,12,4,2022
2910,19,12,4,2022
2911,20,12,4,2022
2912,21,12,4,2022
2913,22,12,4,2022
2914,23,12,4,2022
2915,24,12,4,2022
2916,25,12,4,2022
2917,26,12,4,2022
2918,27,12,4,2022
2919,28,12,4,2022
2920,29,12,4,2022
2921,30,12,4,2022
2922,31,12,4,2022
2923,1,1,1,2023
2924,2,1,1,2023
2925,3,1,1,2023
2926,4,1,1,2023
2927,5,1,1,2023
2928,6,1,1,2023
2929,7,1,1,2023
2930,8,1,1,2023
2931,9,1,1,2023
2932,10,1,1,2023
2933,11,1,1,2023
2934,12,1,1,2023
2935,13,1,1,2023
2936,14,1,1,2023
2937,15,1,1,2023
2938,16,1,1,2023
2939,17,1,1,2023
2940,18,1,1,2023
2941,19,1,1,2023
2942,20,1,1,2023
2943,21,1,1,2023
2944,22,1,1,2023
2945,23,1,1,2023
2946,24,1,1,2023
2947,25,1,1,2023
2948,26,1,1,2023
2949,27,1,1,2023
2950,28,1,1,2023
2951,29,1,1,2023
2952,30,1,1,2023
2953,31,1,1,2023
2954,1,2,1,2023
2955,2,2,1,2023
2956,3,2,1,2023
2957,4,2,1,2023
2958,5,2,1,2023
2959,6,2,1,2023
2960,7,2,1,2023
2961,8,2,1,2023
2962,9,2,1,2023
2963,10,2,1,2023
2964,11,2,1,2023
2965,12,2,1,2023
2966,13,2,1,2023
2967,14,2,1,2023
2968,15,2,1,2023
2969,16,2,1,2023
2970,17,2,1,2023
2971,18,2,1,2023
2972,19,2,1,2023
2973,20,2,1,2023
2974,21,2,1,2023
2975,22,2,1,2023
2976,23,2,1,2023
2977,24,2,1,2023
2978,25,2,1,2023
2979,26,2,1,2023
2980,27,2,1,2023
2981,28,2,1,2023
2982,1,3,1,2023
2983,2,3,1,2023
2984,3,3,1,2023
2985,4,3,1,2023
2986,5,3,1,2023
2987,6,3,1,2023
2988,7,3,1,2023
2989,8,3,1,2023
2990,9,3,1,2023
2991,10,3,1,2023
2992,11,3,1,2023
2993,12,3,1,2023
2994,13,3,1,2023
2995,14,3,1,2023
2996,15,3,1,2023
2997,16,3,1,2023
2998,17,3,1,2023
2999,18,3,1,2023
3000,19,3,1,2023
3001,20,3,1,2023
3002,21,3,1,2023
3003,22,3,1,2023
3004,23,3,1,2023
3005,24,3,1,2023
3006,25,3,1,2023
3007,26,3,1,2023
3008,27,3,1,2023
3009,28,3,1,2023
3010,29,3,1,2023
3011,30,3,1,2023
3012,31,3,1,2023
3013,1,4,2,2023
3014,2,4,2,2023
3015,3,4,2,2023
3016,4,4,2,2023
3017,5,4,2,2023
3018,6,4,2,2023
3019,7,4,2,2023
3020,8,4,2,2023
3021,9,4,2,2023
3022,10,4,2,2023
3023,11,4,2,2023
3024,12,4,2,2023
3025,13,4,2,2023
3026,14,4,2,2023
3027,15,4,2,2023
3028,16,4,2,2023
3029,17,4,2,2023
3030,18,4,2,2023
3031,19,4,2,2023
3032,20,4,2,2023
3033,21,4,2,2023
3034,22,4,2,2023
3035,23,4,2,2023
3036,24,4,2,2023
3037,25,4,2,2023
3038,26,4,2,2023
3039,27,4,2,2023
3040,28,4,2,2023
3041,29,4,2,2023
3042,30,4,2,2023
3043,1,5,2,2023
3044,2,5,2,2023
3045,3,5,2,2023
3046,4,5,2,2023
3047,5,5,2,2023
3048,6,5,2,2023
3049,7,5,2,2023
3050,8,5,2,2023
3051,9,5,2,2023
3052,10,5,2,2023
3053,11,5,2,2023
3054,12,5,2,2023
3055,13,5,2,2023
3056,14,5,2,2023
3057,15,5,2,2023
3058,16,5,2,2023
3059,17,5,2,2023
3060,18,5,2,2023
3061,19,5,2,2023
3062,20,5,2,2023
3063,21,5,2,2023
3064,22,5,2,2023
3065,23,5,2,2023
3066,24,5,2,2023
3067,25,5,2,2023
3068,26,5,2,2023
3069,27,5,2,2023
3070,28,5,2,2023
3071,29,5,2,2023
3072,30,5,2,2023
3073,31,5,2,2023
3074,1,6,2,2023
3075,2,6,2,2023
3076,3,6,2,2023
3077,4,6,2,2023
3078,5,6,2,2023
3079,6,6,2,2023
3080,7,6,2,2023
3081,8,6,2,2023
3082,9,6,2,2023
3083,10,6,2,2023
3084,11,6,2,2023
3085,12,6,2,2023
3086,13,6,2,2023
3087,14,6,2,2023
3088,15,6,2,2023
3089,16,6,2,2023
3090,17,6,2,2023
3091,18,6,2,2023
3092,19,6,2,2023
3093,20,6,2,2023
3094,21,6,2,2023
3095,22,6,2,2023
3096,23,6,2,2023
3097,24,6,2,2023
3098,25,6,2,2023
3099,26,6,2,2023
3100,27,6,2,2023
3101,28,6,2,2023
3102,29,6,2,2023
3103,30,6,2,2023
3104,1,7,3,2023
3105,2,7,3,2023
3106,3,7,3,2023
3107,4,7,3,2023
3108,5,7,3,2023
3109,6,7,3,2023
3110,7,7,3,2023
3111,8,7,3,2023
3112,9,7,3,2023
3113,10,7,3,2023
3114,11,7,3,2023
3115,12,7,3,2023
3116,13,7,3,2023
3117,14,7,3,2023
3118,15,7,3,2023
3119,16,7,3,2023
3120,17,7,3,2023
3121,18,7,3,2023
3122,19,7,3,2023
3123,20,7,3,2023
3124,21,7,3,2023
3125,22,7,3,2023
3126,23,7,3,2023
3127,24,7,3,2023
3128,25,7,3,2023
3129,26,7,3,2023
3130,27,7,3,2023
3131,28,7,3,2023
3132,29,7,3,2023
3133,30,7,3,2023
3134,31,7,3,2023
3135,1,8,3,2023
3136,2,8,3,2023
3137,3,8,3,2023
3138,4,8,3,2023
3139,5,8,3,2023
3140,6,8,3,2023
3141,7,8,3,2023
3142,8,8,3,2023
3143,9,8,3,2023
3144,10,8,3,2023
3145,11,8,3,2023
3146,12,8,3,2023
3147,13,8,3,2023
3148,14,8,3,2023
3149,15,8,3,2023
3150,16,8,3,2023
3151,17,8,3,2023
3152,18,8,3,2023
3153,19,8,3,2023
3154,20,8,3,2023
3155,21,8,3,2023
3156,22,8,3,2023
3157,23,8,3,2023
3158,24,8,3,2023
3159,25,8,3,2023
3160,26,8,3,2023
3161,27,8,3,2023
3162,28,8,3,2023
3163,29,8,3,2023
3164,30,8,3,2023
3165,31,8,3,2023
3166,1,9,3,2023
3167,2,9,3,2023
3168,3,9,3,2023
3169,4,9,3,2023
3170,5,9,3,2023
3171,6,9,3,2023
3172,7,9,3,2023
3173,8,9,3,2023
3174,9,9,3,2023
3175,10,9,3,2023
3176,11,9,3,2023
3177,12,9,3,2023
3178,13,9,3,2023
3179,14,9,3,2023
3180,15,9,3,2023
3181,16,9,3,2023
3182,17,9,3,2023
3183,18,9,3,2023
3184,19,9,3,2023
3185,20,9,3,2023
3186,21,9,3,2023
3187,22,9,3,2023
3188,23,9,3,2023
3189,24,9,3,2023
3190,25,9,3,2023
3191,26,9,3,2023
3192,27,9,3,2023
3193,28,9,3,2023
3194,29,9,3,2023
3195,30,9,3,2023
3196,1,10,4,2023
3197,2,10,4,2023
3198,3,10,4,2023
3199,4,10,4,2023
3200,5,10,4,2023
3201,6,10,4,2023
3202,7,10,4,2023
3203,8,10,4,2023
3204,9,10,4,2023
3205,10,10,4,2023
3206,11,10,4,2023
3207,12,10,4,2023
3208,13,10,4,2023
3209,14,10,4,2023
3210,15,10,4,2023
3211,16,10,4,2023
3212,17,10,4,2023
3213,18,10,4,2023
3214,19,10,4,2023
3215,20,10,4,2023
3216,21,10,4,2023
3217,22,10,4,2023
3218,23,10,4,2023
3219,24,10,4,2023
3220,25,10,4,2023
3221,26,10,4,2023
3222,27,10,4,2023
3223,28,10,4,2023
3224,29,10,4,2023
3225,30,10,4,2023
3226,31,10,4,2023
3227,1,11,4,2023
3228,2,11,4,2023
3229,3,11,4,2023
3230,4,11,4,2023
3231,5,11,4,2023
3232,6,11,4,2023
3233,7,11,4,2023
3234,8,11,4,2023
3235,9,11,4,2023
3236,10,11,4,2023
3237,11,11,4,2023
3238,12,11,4,2023
3239,13,11,4,2023
3240,14,11,4,2023
3241,15,11,4,2023
3242,16,11,4,2023
3243,17,11,4,2023
3244,18,11,4,2023
3245,19,11,4,2023
3246,20,11,4,2023
3247,21,11,4,2023
3248,22,11,4,2023
3249,23,11,4,2023
3250,24,11,4,2023
3251,25,11,4,2023
3252,26,11,4,2023
3253,27,11,4,2023
3254,28,11,4,2023
3255,29,11,4,2023
3256,30,11,4,2023
3257,1,12,4,2023
3258,2,12,4,2023
3259,3,12,4,2023
3260,4,12,4,2023
3261,5,12,4,2023
3262,6,12,4,2023
3263,7,12,4,2023
3264,8,12,4,2023
3265,9,12,4,2023
3266,10,12,4,2023
3267,11,12,4,2023
3268,12,12,4,2023
3269,13,12,4,2023
3270,14,12,4,2023
3271,15,12,4,2023
3272,16,12,4,2023
3273,17,12,4,2023
3274,18,12,4,2023
3275,19,12,4,2023
3276,20,12,4,2023
3277,21,12,4,2023
3278,22,12,4,2023
3279,23,12,4,2023
3280,24,12,4,2023
3281,25,12,4,2023
3282,26,12,4,2023
3283,27,12,4,2023
3284,28,12,4,2023
3285,29,12,4,2023
3286,30,12,4,2023
3287,31,12,4,2023
3288,1,1,1,2024
3289,2,1,1,2024
3290,3,1,1,2024
3291,4,1,1,2024
3292,5,1,1,2024
3293,6,1,1,2024
3294,7,1,1,2024
3295,8,1,1,2024
3296,9,1,1,2024
3297,10,1,1,2024
3298,11,1,1,2024
3299,12,1,1,2024
3300,13,1,1,2024
3301,14,1,1,2024
3302,15,1,1,2024
3303,16,1,1,2024
3304,17,1,1,2024
3305,18,1,1,2024
3306,19,1,1,2024
3307,20,1,1,2024
3308,21,1,1,2024
3309,22,1,1,2024
3310,23,1,1,2024
3311,24,1,1,2024
3312,25,1,1,2024
3313,26,1,1,2024
3314,27,1,1,2024
3315,28,1,1,2024
3316,29,1,1,2024
3317,30,1,1,2024
3318,31,1,1,2024
3319,1,2,1,2024
3320,2,2,1,2024
3321,3,2,1,2024
3322,4,2,1,2024
3323,5,2,1,2024
3324,6,2,1,2024
3325,7,2,1,2024
3326,8,2,1,2024
3327,9,2,1,2024
3328,10,2,1,2024
3329,11,2,1,2024
3330,12,2,1,2024
3331,13,2,1,2024
3332,14,2,1,2024
3333,15,2,1,2024
3334,16,2,1,2024
3335,17,2,1,2024
3336,18,2,1,2024
3337,19,2,1,2024
3338,20,2,1,2024
3339,21,2,1,2024
3340,22,2,1,2024
3341,23,2,1,2024
3342,24,2,1,2024
3343,25,2,1,2024
3344,26,2,1,2024
3345,27,2,1,2024
3346,28,2,1,2024
3347,29,2,1,2024
3348,1,3,1,2024
3349,2,3,1,2024
3350,3,3,1,2024
3351,4,3,1,2024
3352,5,3,1,2024
3353,6,3,1,2024
3354,7,3,1,2024
3355,8,3,1,2024
3356,9,3,1,2024
3357,10,3,1,2024
3358,11,3,1,2024
3359,12,3,1,2024
3360,13,3,1,2024
3361,14,3,1,2024
3362,15,3,1,2024
3363,16,3,1,2024
3364,17,3,1,2024
3365,18,3,1,2024
3366,19,3,1,2024
3367,20,3,1,2024
3368,21,3,1,2024
3369,22,3,1,2024
3370,23,3,1,2024
3371,24,3,1,2024
3372,25,3,1,2024
3373,26,3,1,2024
3374,27,3,1,2024
3375,28,3,1,2024
3376,29,3,1,2024
3377,30,3,1,2024
3378,31,3,1,2024
3379,1,4,2,2024
3380,2,4,2,2024
3381,3,4,2,2024
3382,4,4,2,2024
3383,5,4,2,2024
3384,6,4,2,2024
3385,7,4,2,2024
3386,8,4,2,2024
3387,9,4,2,2024
3388,10,4,2,2024
3389,11,4,2,2024
3390,12,4,2,2024
3391,13,4,2,2024
3392,14,4,2,2024
3393,15,4,2,2024
3394,16,4,2,2024
3395,17,4,2,2024
3396,18,4,2,2024
3397,19,4,2,2024
3398,20,4,2,2024
3399,21,4,2,2024
3400,22,4,2,2024
3401,23,4,2,2024
3402,24,4,2,2024
3403,25,4,2,2024
3404,26,4,2,2024
3405,27,4,2,2024
3406,28,4,2,2024
3407,29,4,2,2024
3408,30,4,2,2024
3409,1,5,2,2024
3410,2,5,2,2024
3411,3,5,2,2024
3412,4,5,2,2024
3413,5,5,2,2024
3414,6,5,2,2024
3415,7,5,2,2024
3416,8,5,2,2024
3417,9,5,2,2024
3418,10,5,2,2024
3419,11,5,2,2024
3420,12,5,2,2024
3421,13,5,2,2024
3422,14,5,2,2024
3423,15,5,2,2024
3424,16,5,2,2024
3425,17,5,2,2024
3426,18,5,2,2024
3427,19,5,2,2024
3428,20,5,2,2024
3429,21,5,2,2024
3430,22,5,2,2024
3431,23,5,2,2024
3432,24,5,2,2024
3433,25,5,2,2024
3434,26,5,2,2024
3435,27,5,2,2024
3436,28,5,2,2024
3437,29,5,2,2024
3438,30,5,2,2024
3439,31,5,2,2024
3440,1,6,2,2024
3441,2,6,2,2024
3442,3,6,2,2024
3443,4,6,2,2024
3444,5,6,2,2024
3445,6,6,2,2024
3446,7,6,2,2024
3447,8,6,2,2024
3448,9,6,2,2024
3449,10,6,2,2024
3450,11,6,2,2024
3451,12,6,2,2024
3452,13,6,2,2024
3453,14,6,2,2024
3454,15,6,2,2024
3455,16,6,2,2024
3456,17,6,2,2024
3457,18,6,2,2024
3458,19,6,2,2024
3459,20,6,2,2024
3460,21,6,2,2024
3461,22,6,2,2024
3462,23,6,2,2024
3463,24,6,2,2024
3464,25,6,2,2024
3465,26,6,2,2024
3466,27,6,2,2024
3467,28,6,2,2024
3468,29,6,2,2024
3469,30,6,2,2024
3470,1,7,3,2024
3471,2,7,3,2024
3472,3,7,3,2024
3473,4,7,3,2024
3474,5,7,3,2024
3475,6,7,3,2024
3476,7,7,3,2024
3477,8,7,3,2024
3478,9,7,3,2024
3479,10,7,3,2024
3480,11,7,3,2024
3481,12,7,3,2024
3482,13,7,3,2024
3483,14,7,3,2024
3484,15,7,3,2024
3485,16,7,3,2024
3486,17,7,3,2024
3487,18,7,3,2024
3488,19,7,3,2024
3489,20,7,3,2024
3490,21,7,3,2024
3491,22,7,3,2024
3492,23,7,3,2024
3493,24,7,3,2024
3494,25,7,3,2024
3495,26,7,3,2024
3496,27,7,3,2024
3497,28,7,3,2024
3498,29,7,3,2024
3499,30,7,3,2024
3500,31,7,3,2024
3501,1,8,3,2024
3502,2,8,3,2024
3503,3,8,3,2024
3504,4,8,3,2024
3505,5,8,3,2024
3506,6,8,3,2024
3507,7,8,3,2024
3508,8,8,3,2024
3509,9,8,3,2024
3510,10,8,3,2024
3511,11,8,3,2024
3512,12,8,3,2024
3513,13,8,3,2024
3514,14,8,3,2024
3515,15,8,3,2024
3516,16,8,3,2024
3517,17,8,3,2024
3518,18,8,3,2024
3519,19,8,3,2024
3520,20,8,3,2024
3521,21,8,3,2024
3522,22,8,3,2024
3523,23,8,3,2024
3524,24,8,3,2024
3525,25,8,3,2024
3526,26,8,3,2024
3527,27,8,3,2024
3528,28,8,3,2024
3529,29,8,3,2024
3530,30,8,3,2024
3531,31,8,3,2024
3532,1,9,3,2024
3533,2,9,3,2024
3534,3,9,3,2024
3535,4,9,3,2024
3536,5,9,3,2024
3537,6,9,3,2024
3538,7,9,3,2024
3539,8,9,3,2024
3540,9,9,3,2024
3541,10,9,3,2024
3542,11,9,3,2024
3543,12,9,3,2024
3544,13,9,3,2024
3545,14,9,3,2024
3546,15,9,3,2024
3547,16,9,3,2024
3548,17,9,3,2024
3549,18,9,3,2024
3550,19,9,3,2024
3551,20,9,3,2024
3552,21,9,3,2024
3553,22,9,3,2024
3554,23,9,3,2024
3555,24,9,3,2024
3556,25,9,3,2024
3557,26,9,3,2024
3558,27,9,3,2024
3559,28,9,3,2024
3560,29,9,3,2024
3561,30,9,3,2024
3562,1,10,4,2024
3563,2,10,4,2024
3564,3,10,4,2024
3565,4,10,4,2024
3566,5,10,4,2024
3567,6,10,4,2024
3568,7,10,4,2024
3569,8,10,4,2024
3570,9,10,4,2024
3571,10,10,4,2024
3572,11,10,4,2024
3573,12,10,4,2024
3574,13,10,4,2024
3575,14,10,4,2024
3576,15,10,4,2024
3577,16,10,4,2024
3578,17,10,4,2024
3579,18,10,4,2024
3580,19,10,4,2024
3581,20,10,4,2024
3582,21,10,4,2024
3583,22,10,4,2024
3584,23,10,4,2024
3585,24,10,4,2024
3586,25,10,4,2024
3587,26,10,4,2024
3588,27,10,4,2024
3589,28,10,4,2024
3590,29,10,4,2024
3591,30,10,4,2024
3592,31,10,4,2024
3593,1,11,4,2024
3594,2,11,4,2024
3595,3,11,4,2024
3596,4,11,4,2024
3597,5,11,4,2024
3598,6,11,4,2024
3599,7,11,4,2024
3600,8,11,4,2024
3601,9,11,4,2024
3602,10,11,4,2024
3603,11,11,4,2024
3604,12,11,4,2024
3605,13,11,4,2024
3606,14,11,4,2024
3607,15,11,4,2024
3608,16,11,4,2024
3609,17,11,4,2024
3610,18,11,4,2024
3611,19,11,4,2024
3612,20,11,4,2024
3613,21,11,4,2024
3614,22,11,4,2024
3615,23,11,4,2024
3616,24,11,4,2024
3617,25,11,4,2024
3618,26,11,4,2024
3619,27,11,4,2024
3620,28,11,4,2024
3621,29,11,4,2024
3622,30,11,4,2024
3623,1,12,4,2024
3624,2,12,4,2024
3625,3,12,4,2024
3626,4,12,4,2024
3627,5,12,4,2024
3628,6,12,4,2024
3629,7,12,4,2024
3630,8,12,4,2024
3631,9,12,4,2024
3632,10,12,4,2024
3633,11,12,4,2024
3634,12,12,4,2024
3635,13,12,4,2024
3636,14,12,4,2024
3637,15,12,4,2024
3638,16,12,4,2024
3639,17,12,4,2024
3640,18,12,4,2024
3641,19,12,4,2024
3642,20,12,4,2024
3643,21,12,4,2024
3644,22,12,4,2024
3645,23,12,4,2024
3646,24,12,4,2024
3647,25,12,4,2024
3648,26,12,4,2024
3649,27,12,4,2024
3650,28,12,4,2024
3651,29,12,4,2024
3652,30,12,4,2024
3653,31,12,4,2024
3654,1,1,1,2025
3655,2,1,1,2025
3656,3,1,1,2025
3657,4,1,1,2025
3658,5,1,1,2025
3659,6,1,1,2025
3660,7,1,1,2025
3661,8,1,1,2025
3662,9,1,1,2025
3663,10,1,1,2025
3664,11,1,1,2025
3665,12,1,1,2025
3666,13,1,1,2025
3667,14,1,1,2025
3668,15,1,1,2025
3669,16,1,1,2025
3670,17,1,1,2025
3671,18,1,1,2025
3672,19,1,1,2025
3673,20,1,1,2025
3674,21,1,1,2025
3675,22,1,1,2025
3676,23,1,1,2025
3677,24,1,1,2025
3678,25,1,1,2025
3679,26,1,1,2025
3680,27,1,1,2025
3681,28,1,1,2025
3682,29,1,1,2025
3683,30,1,1,2025
3684,31,1,1,2025
3685,1,2,1,2025
3686,2,2,1,2025
3687,3,2,1,2025
3688,4,2,1,2025
3689,5,2,1,2025
3690,6,2,1,2025
3691,7,2,1,2025
3692,8,2,1,2025
3693,9,2,1,2025
3694,10,2,1,2025
3695,11,2,1,2025
3696,12,2,1,2025
3697,13,2,1,2025
3698,14,2,1,2025
3699,15,2,1,2025
3700,16,2,1,2025
3701,17,2,1,2025
3702,18,2,1,2025
3703,19,2,1,2025
3704,20,2,1,2025
3705,21,2,1,2025
3706,22,2,1,2025
3707,23,2,1,2025
3708,24,2,1,2025
3709,25,2,1,2025
3710,26,2,1,2025
3711,27,2,1,2025
3712,28,2,1,2025
3713,1,3,1,2025
3714,2,3,1,2025
3715,3,3,1,2025
3716,4,3,1,2025
3717,5,3,1,2025
3718,6,3,1,2025
3719,7,3,1,2025
3720,8,3,1,2025
3721,9,3,1,2025
3722,10,3,1,2025
3723,11,3,1,2025
3724,12,3,1,2025
3725,13,3,1,2025
3726,14,3,1,2025
3727,15,3,1,2025
3728,16,3,1,2025
3729,17,3,1,2025
3730,18,3,1,2025
3731,19,3,1,2025
3732,20,3,1,2025
3733,21,3,1,2025
3734,22,3,1,2025
3735,23,3,1,2025
3736,24,3,1,2025
3737,25,3,1,2025
3738,26,3,1,2025
3739,27,3,1,2025
3740,28,3,1,2025
3741,29,3,1,2025
3742,30,3,1,2025
3743,31,3,1,2025
3744,1,4,2,2025
3745,2,4,2,2025
3746,3,4,2,2025
3747,4,4,2,2025
3748,5,4,2,2025
3749,6,4,2,2025
3750,7,4,2,2025
3751,8,4,2,2025
3752,9,4,2,2025
3753,10,4,2,2025
3754,11,4,2,2025
3755,12,4,2,2025
3756,13,4,2,2025
3757,14,4,2,2025
3758,15,4,2,2025
3759,16,4,2,2025
3760,17,4,2,2025
3761,18,4,2,2025
3762,19,4,2,2025
3763,20,4,2,2025
3764,21,4,2,2025
3765,22,4,2,2025
3766,23,4,2,2025
3767,24,4,2,2025
3768,25,4,2,2025
3769,26,4,2,2025
3770,27,4,2,2025
3771,28,4,2,2025
3772,29,4,2,2025
3773,30,4,2,2025
3774,1,5,2,2025
3775,2,5,2,2025
3776,3,5,2,2025
3777,4,5,2,2025
3778,5,5,2,2025
3779,6,5,2,2025
3780,7,5,2,2025
3781,8,5,2,2025
3782,9,5,2,2025
3783,10,5,2,2025
3784,11,5,2,2025
3785,12,5,2,2025
3786,13,5,2,2025
3787,14,5,2,2025
3788,15,5,2,2025
3789,16,5,2,2025
3790,17,5,2,2025
3791,18,5,2,2025
3792,19,5,2,2025
3793,20,5,2,2025
3794,21,5,2,2025
3795,22,5,2,2025
3796,23,5,2,2025
3797,24,5,2,2025
3798,25,5,2,2025
3799,26,5,2,2025
3800,27,5,2,2025
3801,28,5,2,2025
3802,29,5,2,2025
3803,30,5,2,2025
3804,31,5,2,2025
3805,1,6,2,2025
3806,2,6,2,2025
3807,3,6,2,2025
3808,4,6,2,2025
3809,5,6,2,2025
3810,6,6,2,2025
3811,7,6,2,2025
3812,8,6,2,2025
3813,9,6,2,2025
3814,10,6,2,2025
3815,11,6,2,2025
3816,12,6,2,2025
3817,13,6,2,2025
3818,14,6,2,2025
3819,15,6,2,2025
3820,16,6,2,2025
3821,17,6,2,2025
3822,18,6,2,2025
3823,19,6,2,2025
3824,20,6,2,2025
3825,21,6,2,2025
3826,22,6,2,2025
3827,23,6,2,2025
3828,24,6,2,2025
3829,25,6,2,2025
3830,26,6,2,2025
3831,27,6,2,2025
3832,28,6,2,2025
3833,29,6,2,2025
3834,30,6,2,2025
3835,1,7,3,2025
3836,2,7,3,2025
3837,3,7,3,2025
3838,4,7,3,2025
3839,5,7,3,2025
3840,6,7,3,2025
3841,7,7,3,2025
3842,8,7,3,2025
3843,9,7,3,2025
3844,10,7,3,2025
3845,11,7,3,2025
3846,12,7,3,2025
3847,13,7,3,2025
3848,14,7,3,2025
3849,15,7,3,2025
3850,16,7,3,2025
3851,17,7,3,2025
3852,18,7,3,2025
3853,19,7,3,2025
3854,20,7,3,2025
3855,21,7,3,2025
3856,22,7,3,2025
3857,23,7,3,2025
3858,24,7,3,2025
3859,25,7,3,2025
3860,26,7,3,2025
3861,27,7,3,2025
3862,28,7,3,2025
3863,29,7,3,2025
3864,30,7,3,2025
3865,31,7,3,2025
3866,1,8,3,2025
3867,2,8,3,2025
3868,3,8,3,2025
3869,4,8,3,2025
3870,5,8,3,2025
3871,6,8,3,2025
3872,7,8,3,2025
3873,8,8,3,2025
3874,9,8,3,2025
3875,10,8,3,2025
3876,11,8,3,2025
3877,12,8,3,2025
3878,13,8,3,2025
3879,14,8,3,2025
3880,15,8,3,2025
3881,16,8,3,2025
3882,17,8,3,2025
3883,18,8,3,2025
3884,19,8,3,2025
3885,20,8,3,2025
3886,21,8,3,2025
3887,22,8,3,2025
3888,23,8,3,2025
3889,24,8,3,2025
3890,25,8,3,2025
3891,26,8,3,2025
3892,27,8,3,2025
3893,28,8,3,2025
3894,29,8,3,2025
3895,30,8,3,2025
3896,31,8,3,2025
3897,1,9,3,2025
3898,2,9,3,2025
3899,3,9,3,2025
3900,4,9,3,2025
3901,5,9,3,2025
3902,6,9,3,2025
3903,7,9,3,2025
3904,8,9,3,2025
3905,9,9,3,2025
3906,10,9,3,2025
3907,11,9,3,2025
3908,12,9,3,2025
3909,13,9,3,2025
3910,14,9,3,2025
3911,15,9,3,2025
3912,16,9,3,2025
3913,17,9,3,2025
3914,18,9,3,2025
3915,19,9,3,2025
3916,20,9,3,2025
3917,21,9,3,2025
3918,22,9,3,2025
3919,23,9,3,2025
3920,24,9,3,2025
3921,25,9,3,2025
3922,26,9,3,2025
3923,27,9,3,2025
3924,28,9,3,2025
3925,29,9,3,2025
3926,30,9,3,2025
3927,1,10,4,2025
3928,2,10,4,2025
3929,3,10,4,2025
3930,4,10,4,2025
3931,5,10,4,2025
3932,6,10,4,2025
3933,7,10,4,2025
3934,8,10,4,2025
3935,9,10,4,2025
3936,10,10,4,2025
3937,11,10,4,2025
3938,12,10,4,2025
3939,13,10,4,2025
3940,14,10,4,2025
3941,15,10,4,2025
3942,16,10,4,2025
3943,17,10,4,2025
3944,18,10,4,2025
3945,19,10,4,2025
3946,20,10,4,2025
3947,21,10,4,2025
3948,22,10,4,2025
3949,23,10,4,2025
3950,24,10,4,2025
3951,25,10,4,2025
3952,26,10,4,2025
3953,27,10,4,2025
3954,28,10,4,2025
3955,29,10,4,2025
3956,30,10,4,2025
3957,31,10,4,2025
3958,1,11,4,2025
3959,2,11,4,2025
3960,3,11,4,2025
3961,4,11,4,2025
3962,5,11,4,2025
3963,6,11,4,2025
3964,7,11,4,2025
3965,8,11,4,2025
3966,9,11,4,2025
3967,10,11,4,2025
3968,11,11,4,2025
3969,12,11,4,2025
3970,13,11,4,2025
3971,14,11,4,2025
3972,15,11,4,2025
3973,16,11,4,2025
3974,17,11,4,2025
3975,18,11,4,2025
3976,19,11,4,2025
3977,20,11,4,2025
3978,21,11,4,2025
3979,22,11,4,2025
3980,23,11,4,2025
3981,24,11,4,2025
3982,25,11,4,2025
3983,26,11,4,2025
3984,27,11,4,2025
3985,28,11,4,2025
3986,29,11,4,2025
3987,30,11,4,2025
3988,1,12,4,2025
3989,2,12,4,2025
3990,3,12,4,2025
3991,4,12,4,2025
3992,5,12,4,2025
3993,6,12,4,2025
3994,7,12,4,2025
3995,8,12,4,2025
3996,9,12,4,2025
3997,10,12,4,2025
3998,11,12,4,2025
3999,12,12,4,2025
4000,13,12,4,2025
4001,14,12,4,2025
4002,15,12,4,2025
4003,16,12,4,2025
4004,17,12,4,2025
4005,18,12,4,2025
4006,19,12,4,2025
4007,20,12,4,2025
4008,21,12,4,2025
4009,22,12,4,2025
4010,23,12,4,2025
4011,24,12,4,2025
4012,25,12,4,2025
4013,26,12,4,2025
4014,27,12,4,2025
4015,28,12,4,2025
4016,29,12,4,2025
4017,30,12,4,2025
4018,31,12,4,2025
